"lats","lons"
-29.25,-9.75
-29.25,-9
-29.25,-8.25
-29.25,-7.5
-29.25,-6.75
-29.25,-6
-29.25,-5.25
-29.25,-4.5
-29.25,-3.75
-29.25,-3
-29.25,-2.25
-29.25,-1.5
-29.25,-0.75
-29.25,0
-29.25,0.75
-29.25,1.5
-29.25,2.25
-29.25,3
-29.25,3.75
-29.25,4.5
-29.25,5.25
-29.25,6
-29.25,6.75
-29.25,7.5
-29.25,8.25
-29.25,9
-29.25,9.75
-29.25,10.5
-29.25,11.25
-29.25,12
-29.25,12.75
-29.25,13.5
-29.25,14.25
-29.25,15
-29.25,15.75
-29.25,16.5
-29.25,17.25
-29.25,18
-29.25,18.75
-29.25,19.5
-29.25,20.25
-29.25,21
-29.25,21.75
-29.25,22.5
-29.25,23.25
-29.25,24
-29.25,24.75
-29.25,25.5
-29.25,26.25
-29.25,27
-29.25,27.75
-29.25,28.5
-29.25,29.25
-29.25,30
-28.5,-9.75
-28.5,-9
-28.5,-8.25
-28.5,-7.5
-28.5,-6.75
-28.5,-6
-28.5,-5.25
-28.5,-4.5
-28.5,-3.75
-28.5,-3
-28.5,-2.25
-28.5,-1.5
-28.5,-0.75
-28.5,0
-28.5,0.75
-28.5,1.5
-28.5,2.25
-28.5,3
-28.5,3.75
-28.5,4.5
-28.5,5.25
-28.5,6
-28.5,6.75
-28.5,7.5
-28.5,8.25
-28.5,9
-28.5,9.75
-28.5,10.5
-28.5,11.25
-28.5,12
-28.5,12.75
-28.5,13.5
-28.5,14.25
-28.5,15
-28.5,15.75
-28.5,16.5
-28.5,17.25
-28.5,18
-28.5,18.75
-28.5,19.5
-28.5,20.25
-28.5,21
-28.5,21.75
-28.5,22.5
-28.5,23.25
-28.5,24
-28.5,24.75
-28.5,25.5
-28.5,26.25
-28.5,27
-28.5,27.75
-28.5,28.5
-28.5,29.25
-28.5,30
-27.75,-9.75
-27.75,-9
-27.75,-8.25
-27.75,-7.5
-27.75,-6.75
-27.75,-6
-27.75,-5.25
-27.75,-4.5
-27.75,-3.75
-27.75,-3
-27.75,-2.25
-27.75,-1.5
-27.75,-0.75
-27.75,0
-27.75,0.75
-27.75,1.5
-27.75,2.25
-27.75,3
-27.75,3.75
-27.75,4.5
-27.75,5.25
-27.75,6
-27.75,6.75
-27.75,7.5
-27.75,8.25
-27.75,9
-27.75,9.75
-27.75,10.5
-27.75,11.25
-27.75,12
-27.75,12.75
-27.75,13.5
-27.75,14.25
-27.75,15
-27.75,15.75
-27.75,16.5
-27.75,17.25
-27.75,18
-27.75,18.75
-27.75,19.5
-27.75,20.25
-27.75,21
-27.75,21.75
-27.75,22.5
-27.75,23.25
-27.75,24
-27.75,24.75
-27.75,25.5
-27.75,26.25
-27.75,27
-27.75,27.75
-27.75,28.5
-27.75,29.25
-27.75,30
-27,-9.75
-27,-9
-27,-8.25
-27,-7.5
-27,-6.75
-27,-6
-27,-5.25
-27,-4.5
-27,-3.75
-27,-3
-27,-2.25
-27,-1.5
-27,-0.75
-27,0
-27,0.75
-27,1.5
-27,2.25
-27,3
-27,3.75
-27,4.5
-27,5.25
-27,6
-27,6.75
-27,7.5
-27,8.25
-27,9
-27,9.75
-27,10.5
-27,11.25
-27,12
-27,12.75
-27,13.5
-27,14.25
-27,15
-27,15.75
-27,16.5
-27,17.25
-27,18
-27,18.75
-27,19.5
-27,20.25
-27,21
-27,21.75
-27,22.5
-27,23.25
-27,24
-27,24.75
-27,25.5
-27,26.25
-27,27
-27,27.75
-27,28.5
-27,29.25
-27,30
-26.25,-9.75
-26.25,-9
-26.25,-8.25
-26.25,-7.5
-26.25,-6.75
-26.25,-6
-26.25,-5.25
-26.25,-4.5
-26.25,-3.75
-26.25,-3
-26.25,-2.25
-26.25,-1.5
-26.25,-0.75
-26.25,0
-26.25,0.75
-26.25,1.5
-26.25,2.25
-26.25,3
-26.25,3.75
-26.25,4.5
-26.25,5.25
-26.25,6
-26.25,6.75
-26.25,7.5
-26.25,8.25
-26.25,9
-26.25,9.75
-26.25,10.5
-26.25,11.25
-26.25,12
-26.25,12.75
-26.25,13.5
-26.25,14.25
-26.25,15
-26.25,15.75
-26.25,16.5
-26.25,17.25
-26.25,18
-26.25,18.75
-26.25,19.5
-26.25,20.25
-26.25,21
-26.25,21.75
-26.25,22.5
-26.25,23.25
-26.25,24
-26.25,24.75
-26.25,25.5
-26.25,26.25
-26.25,27
-26.25,27.75
-26.25,28.5
-26.25,29.25
-26.25,30
-25.5,-9.75
-25.5,-9
-25.5,-8.25
-25.5,-7.5
-25.5,-6.75
-25.5,-6
-25.5,-5.25
-25.5,-4.5
-25.5,-3.75
-25.5,-3
-25.5,-2.25
-25.5,-1.5
-25.5,-0.75
-25.5,0
-25.5,0.75
-25.5,1.5
-25.5,2.25
-25.5,3
-25.5,3.75
-25.5,4.5
-25.5,5.25
-25.5,6
-25.5,6.75
-25.5,7.5
-25.5,8.25
-25.5,9
-25.5,9.75
-25.5,10.5
-25.5,11.25
-25.5,12
-25.5,12.75
-25.5,13.5
-25.5,14.25
-25.5,15
-25.5,15.75
-25.5,16.5
-25.5,17.25
-25.5,18
-25.5,18.75
-25.5,19.5
-25.5,20.25
-25.5,21
-25.5,21.75
-25.5,22.5
-25.5,23.25
-25.5,24
-25.5,24.75
-25.5,25.5
-25.5,26.25
-25.5,27
-25.5,27.75
-25.5,28.5
-25.5,29.25
-25.5,30
-24.75,-9.75
-24.75,-9
-24.75,-8.25
-24.75,-7.5
-24.75,-6.75
-24.75,-6
-24.75,-5.25
-24.75,-4.5
-24.75,-3.75
-24.75,-3
-24.75,-2.25
-24.75,-1.5
-24.75,-0.75
-24.75,0
-24.75,0.75
-24.75,1.5
-24.75,2.25
-24.75,3
-24.75,3.75
-24.75,4.5
-24.75,5.25
-24.75,6
-24.75,6.75
-24.75,7.5
-24.75,8.25
-24.75,9
-24.75,9.75
-24.75,10.5
-24.75,11.25
-24.75,12
-24.75,12.75
-24.75,13.5
-24.75,14.25
-24.75,15
-24.75,15.75
-24.75,16.5
-24.75,17.25
-24.75,18
-24.75,18.75
-24.75,19.5
-24.75,20.25
-24.75,21
-24.75,21.75
-24.75,22.5
-24.75,23.25
-24.75,24
-24.75,24.75
-24.75,25.5
-24.75,26.25
-24.75,27
-24.75,27.75
-24.75,28.5
-24.75,29.25
-24.75,30
-24,-9.75
-24,-9
-24,-8.25
-24,-7.5
-24,-6.75
-24,-6
-24,-5.25
-24,-4.5
-24,-3.75
-24,-3
-24,-2.25
-24,-1.5
-24,-0.75
-24,0
-24,0.75
-24,1.5
-24,2.25
-24,3
-24,3.75
-24,4.5
-24,5.25
-24,6
-24,6.75
-24,7.5
-24,8.25
-24,9
-24,9.75
-24,10.5
-24,11.25
-24,12
-24,12.75
-24,13.5
-24,14.25
-24,15
-24,15.75
-24,16.5
-24,17.25
-24,18
-24,18.75
-24,19.5
-24,20.25
-24,21
-24,21.75
-24,22.5
-24,23.25
-24,24
-24,24.75
-24,25.5
-24,26.25
-24,27
-24,27.75
-24,28.5
-24,29.25
-24,30
-23.25,-9.75
-23.25,-9
-23.25,-8.25
-23.25,-7.5
-23.25,-6.75
-23.25,-6
-23.25,-5.25
-23.25,-4.5
-23.25,-3.75
-23.25,-3
-23.25,-2.25
-23.25,-1.5
-23.25,-0.75
-23.25,0
-23.25,0.75
-23.25,1.5
-23.25,2.25
-23.25,3
-23.25,3.75
-23.25,4.5
-23.25,5.25
-23.25,6
-23.25,6.75
-23.25,7.5
-23.25,8.25
-23.25,9
-23.25,9.75
-23.25,10.5
-23.25,11.25
-23.25,12
-23.25,12.75
-23.25,13.5
-23.25,14.25
-23.25,15
-23.25,15.75
-23.25,16.5
-23.25,17.25
-23.25,18
-23.25,18.75
-23.25,19.5
-23.25,20.25
-23.25,21
-23.25,21.75
-23.25,22.5
-23.25,23.25
-23.25,24
-23.25,24.75
-23.25,25.5
-23.25,26.25
-23.25,27
-23.25,27.75
-23.25,28.5
-23.25,29.25
-23.25,30
-22.5,-9.75
-22.5,-9
-22.5,-8.25
-22.5,-7.5
-22.5,-6.75
-22.5,-6
-22.5,-5.25
-22.5,-4.5
-22.5,-3.75
-22.5,-3
-22.5,-2.25
-22.5,-1.5
-22.5,-0.75
-22.5,0
-22.5,0.75
-22.5,1.5
-22.5,2.25
-22.5,3
-22.5,3.75
-22.5,4.5
-22.5,5.25
-22.5,6
-22.5,6.75
-22.5,7.5
-22.5,8.25
-22.5,9
-22.5,9.75
-22.5,10.5
-22.5,11.25
-22.5,12
-22.5,12.75
-22.5,13.5
-22.5,14.25
-22.5,15
-22.5,15.75
-22.5,16.5
-22.5,17.25
-22.5,18
-22.5,18.75
-22.5,19.5
-22.5,20.25
-22.5,21
-22.5,21.75
-22.5,22.5
-22.5,23.25
-22.5,24
-22.5,24.75
-22.5,25.5
-22.5,26.25
-22.5,27
-22.5,27.75
-22.5,28.5
-22.5,29.25
-22.5,30
-21.75,-9.75
-21.75,-9
-21.75,-8.25
-21.75,-7.5
-21.75,-6.75
-21.75,-6
-21.75,-5.25
-21.75,-4.5
-21.75,-3.75
-21.75,-3
-21.75,-2.25
-21.75,-1.5
-21.75,-0.75
-21.75,0
-21.75,0.75
-21.75,1.5
-21.75,2.25
-21.75,3
-21.75,3.75
-21.75,4.5
-21.75,5.25
-21.75,6
-21.75,6.75
-21.75,7.5
-21.75,8.25
-21.75,9
-21.75,9.75
-21.75,10.5
-21.75,11.25
-21.75,12
-21.75,12.75
-21.75,13.5
-21.75,14.25
-21.75,15
-21.75,15.75
-21.75,16.5
-21.75,17.25
-21.75,18
-21.75,18.75
-21.75,19.5
-21.75,20.25
-21.75,21
-21.75,21.75
-21.75,22.5
-21.75,23.25
-21.75,24
-21.75,24.75
-21.75,25.5
-21.75,26.25
-21.75,27
-21.75,27.75
-21.75,28.5
-21.75,29.25
-21.75,30
-21,-9.75
-21,-9
-21,-8.25
-21,-7.5
-21,-6.75
-21,-6
-21,-5.25
-21,-4.5
-21,-3.75
-21,-3
-21,-2.25
-21,-1.5
-21,-0.75
-21,0
-21,0.75
-21,1.5
-21,2.25
-21,3
-21,3.75
-21,4.5
-21,5.25
-21,6
-21,6.75
-21,7.5
-21,8.25
-21,9
-21,9.75
-21,10.5
-21,11.25
-21,12
-21,12.75
-21,13.5
-21,14.25
-21,15
-21,15.75
-21,16.5
-21,17.25
-21,18
-21,18.75
-21,19.5
-21,20.25
-21,21
-21,21.75
-21,22.5
-21,23.25
-21,24
-21,24.75
-21,25.5
-21,26.25
-21,27
-21,27.75
-21,28.5
-21,29.25
-21,30
-20.25,-9.75
-20.25,-9
-20.25,-8.25
-20.25,-7.5
-20.25,-6.75
-20.25,-6
-20.25,-5.25
-20.25,-4.5
-20.25,-3.75
-20.25,-3
-20.25,-2.25
-20.25,-1.5
-20.25,-0.75
-20.25,0
-20.25,0.75
-20.25,1.5
-20.25,2.25
-20.25,3
-20.25,3.75
-20.25,4.5
-20.25,5.25
-20.25,6
-20.25,6.75
-20.25,7.5
-20.25,8.25
-20.25,9
-20.25,9.75
-20.25,10.5
-20.25,11.25
-20.25,12
-20.25,12.75
-20.25,13.5
-20.25,14.25
-20.25,15
-20.25,15.75
-20.25,16.5
-20.25,17.25
-20.25,18
-20.25,18.75
-20.25,19.5
-20.25,20.25
-20.25,21
-20.25,21.75
-20.25,22.5
-20.25,23.25
-20.25,24
-20.25,24.75
-20.25,25.5
-20.25,26.25
-20.25,27
-20.25,27.75
-20.25,28.5
-20.25,29.25
-20.25,30
-19.5,-9.75
-19.5,-9
-19.5,-8.25
-19.5,-7.5
-19.5,-6.75
-19.5,-6
-19.5,-5.25
-19.5,-4.5
-19.5,-3.75
-19.5,-3
-19.5,-2.25
-19.5,-1.5
-19.5,-0.75
-19.5,0
-19.5,0.75
-19.5,1.5
-19.5,2.25
-19.5,3
-19.5,3.75
-19.5,4.5
-19.5,5.25
-19.5,6
-19.5,6.75
-19.5,7.5
-19.5,8.25
-19.5,9
-19.5,9.75
-19.5,10.5
-19.5,11.25
-19.5,12
-19.5,12.75
-19.5,13.5
-19.5,14.25
-19.5,15
-19.5,15.75
-19.5,16.5
-19.5,17.25
-19.5,18
-19.5,18.75
-19.5,19.5
-19.5,20.25
-19.5,21
-19.5,21.75
-19.5,22.5
-19.5,23.25
-19.5,24
-19.5,24.75
-19.5,25.5
-19.5,26.25
-19.5,27
-19.5,27.75
-19.5,28.5
-19.5,29.25
-19.5,30
-18.75,-9.75
-18.75,-9
-18.75,-8.25
-18.75,-7.5
-18.75,-6.75
-18.75,-6
-18.75,-5.25
-18.75,-4.5
-18.75,-3.75
-18.75,-3
-18.75,-2.25
-18.75,-1.5
-18.75,-0.75
-18.75,0
-18.75,0.75
-18.75,1.5
-18.75,2.25
-18.75,3
-18.75,3.75
-18.75,4.5
-18.75,5.25
-18.75,6
-18.75,6.75
-18.75,7.5
-18.75,8.25
-18.75,9
-18.75,9.75
-18.75,10.5
-18.75,11.25
-18.75,12
-18.75,12.75
-18.75,13.5
-18.75,14.25
-18.75,15
-18.75,15.75
-18.75,16.5
-18.75,17.25
-18.75,18
-18.75,18.75
-18.75,19.5
-18.75,20.25
-18.75,21
-18.75,21.75
-18.75,22.5
-18.75,23.25
-18.75,24
-18.75,24.75
-18.75,25.5
-18.75,26.25
-18.75,27
-18.75,27.75
-18.75,28.5
-18.75,29.25
-18.75,30
-18,-9.75
-18,-9
-18,-8.25
-18,-7.5
-18,-6.75
-18,-6
-18,-5.25
-18,-4.5
-18,-3.75
-18,-3
-18,-2.25
-18,-1.5
-18,-0.75
-18,0
-18,0.75
-18,1.5
-18,2.25
-18,3
-18,3.75
-18,4.5
-18,5.25
-18,6
-18,6.75
-18,7.5
-18,8.25
-18,9
-18,9.75
-18,10.5
-18,11.25
-18,12
-18,12.75
-18,13.5
-18,14.25
-18,15
-18,15.75
-18,16.5
-18,17.25
-18,18
-18,18.75
-18,19.5
-18,20.25
-18,21
-18,21.75
-18,22.5
-18,23.25
-18,24
-18,24.75
-18,25.5
-18,26.25
-18,27
-18,27.75
-18,28.5
-18,29.25
-18,30
-17.25,-9.75
-17.25,-9
-17.25,-8.25
-17.25,-7.5
-17.25,-6.75
-17.25,-6
-17.25,-5.25
-17.25,-4.5
-17.25,-3.75
-17.25,-3
-17.25,-2.25
-17.25,-1.5
-17.25,-0.75
-17.25,0
-17.25,0.75
-17.25,1.5
-17.25,2.25
-17.25,3
-17.25,3.75
-17.25,4.5
-17.25,5.25
-17.25,6
-17.25,6.75
-17.25,7.5
-17.25,8.25
-17.25,9
-17.25,9.75
-17.25,10.5
-17.25,11.25
-17.25,12
-17.25,12.75
-17.25,13.5
-17.25,14.25
-17.25,15
-17.25,15.75
-17.25,16.5
-17.25,17.25
-17.25,18
-17.25,18.75
-17.25,19.5
-17.25,20.25
-17.25,21
-17.25,21.75
-17.25,22.5
-17.25,23.25
-17.25,24
-17.25,24.75
-17.25,25.5
-17.25,26.25
-17.25,27
-17.25,27.75
-17.25,28.5
-17.25,29.25
-17.25,30
-16.5,-9.75
-16.5,-9
-16.5,-8.25
-16.5,-7.5
-16.5,-6.75
-16.5,-6
-16.5,-5.25
-16.5,-4.5
-16.5,-3.75
-16.5,-3
-16.5,-2.25
-16.5,-1.5
-16.5,-0.75
-16.5,0
-16.5,0.75
-16.5,1.5
-16.5,2.25
-16.5,3
-16.5,3.75
-16.5,4.5
-16.5,5.25
-16.5,6
-16.5,6.75
-16.5,7.5
-16.5,8.25
-16.5,9
-16.5,9.75
-16.5,10.5
-16.5,11.25
-16.5,12
-16.5,12.75
-16.5,13.5
-16.5,14.25
-16.5,15
-16.5,15.75
-16.5,16.5
-16.5,17.25
-16.5,18
-16.5,18.75
-16.5,19.5
-16.5,20.25
-16.5,21
-16.5,21.75
-16.5,22.5
-16.5,23.25
-16.5,24
-16.5,24.75
-16.5,25.5
-16.5,26.25
-16.5,27
-16.5,27.75
-16.5,28.5
-16.5,29.25
-16.5,30
-15.75,-9.75
-15.75,-9
-15.75,-8.25
-15.75,-7.5
-15.75,-6.75
-15.75,-6
-15.75,-5.25
-15.75,-4.5
-15.75,-3.75
-15.75,-3
-15.75,-2.25
-15.75,-1.5
-15.75,-0.75
-15.75,0
-15.75,0.75
-15.75,1.5
-15.75,2.25
-15.75,3
-15.75,3.75
-15.75,4.5
-15.75,5.25
-15.75,6
-15.75,6.75
-15.75,7.5
-15.75,8.25
-15.75,9
-15.75,9.75
-15.75,10.5
-15.75,11.25
-15.75,12
-15.75,12.75
-15.75,13.5
-15.75,14.25
-15.75,15
-15.75,15.75
-15.75,16.5
-15.75,17.25
-15.75,18
-15.75,18.75
-15.75,19.5
-15.75,20.25
-15.75,21
-15.75,21.75
-15.75,22.5
-15.75,23.25
-15.75,24
-15.75,24.75
-15.75,25.5
-15.75,26.25
-15.75,27
-15.75,27.75
-15.75,28.5
-15.75,29.25
-15.75,30
-15,-9.75
-15,-9
-15,-8.25
-15,-7.5
-15,-6.75
-15,-6
-15,-5.25
-15,-4.5
-15,-3.75
-15,-3
-15,-2.25
-15,-1.5
-15,-0.75
-15,0
-15,0.75
-15,1.5
-15,2.25
-15,3
-15,3.75
-15,4.5
-15,5.25
-15,6
-15,6.75
-15,7.5
-15,8.25
-15,9
-15,9.75
-15,10.5
-15,11.25
-15,12
-15,12.75
-15,13.5
-15,14.25
-15,15
-15,15.75
-15,16.5
-15,17.25
-15,18
-15,18.75
-15,19.5
-15,20.25
-15,21
-15,21.75
-15,22.5
-15,23.25
-15,24
-15,24.75
-15,25.5
-15,26.25
-15,27
-15,27.75
-15,28.5
-15,29.25
-15,30
-14.25,-9.75
-14.25,-9
-14.25,-8.25
-14.25,-7.5
-14.25,-6.75
-14.25,-6
-14.25,-5.25
-14.25,-4.5
-14.25,-3.75
-14.25,-3
-14.25,-2.25
-14.25,-1.5
-14.25,-0.75
-14.25,0
-14.25,0.75
-14.25,1.5
-14.25,2.25
-14.25,3
-14.25,3.75
-14.25,4.5
-14.25,5.25
-14.25,6
-14.25,6.75
-14.25,7.5
-14.25,8.25
-14.25,9
-14.25,9.75
-14.25,10.5
-14.25,11.25
-14.25,12
-14.25,12.75
-14.25,13.5
-14.25,14.25
-14.25,15
-14.25,15.75
-14.25,16.5
-14.25,17.25
-14.25,18
-14.25,18.75
-14.25,19.5
-14.25,20.25
-14.25,21
-14.25,21.75
-14.25,22.5
-14.25,23.25
-14.25,24
-14.25,24.75
-14.25,25.5
-14.25,26.25
-14.25,27
-14.25,27.75
-14.25,28.5
-14.25,29.25
-14.25,30
-13.5,-9.75
-13.5,-9
-13.5,-8.25
-13.5,-7.5
-13.5,-6.75
-13.5,-6
-13.5,-5.25
-13.5,-4.5
-13.5,-3.75
-13.5,-3
-13.5,-2.25
-13.5,-1.5
-13.5,-0.75
-13.5,0
-13.5,0.75
-13.5,1.5
-13.5,2.25
-13.5,3
-13.5,3.75
-13.5,4.5
-13.5,5.25
-13.5,6
-13.5,6.75
-13.5,7.5
-13.5,8.25
-13.5,9
-13.5,9.75
-13.5,10.5
-13.5,11.25
-13.5,12
-13.5,12.75
-13.5,13.5
-13.5,14.25
-13.5,15
-13.5,15.75
-13.5,16.5
-13.5,17.25
-13.5,18
-13.5,18.75
-13.5,19.5
-13.5,20.25
-13.5,21
-13.5,21.75
-13.5,22.5
-13.5,23.25
-13.5,24
-13.5,24.75
-13.5,25.5
-13.5,26.25
-13.5,27
-13.5,27.75
-13.5,28.5
-13.5,29.25
-13.5,30
-12.75,-9.75
-12.75,-9
-12.75,-8.25
-12.75,-7.5
-12.75,-6.75
-12.75,-6
-12.75,-5.25
-12.75,-4.5
-12.75,-3.75
-12.75,-3
-12.75,-2.25
-12.75,-1.5
-12.75,-0.75
-12.75,0
-12.75,0.75
-12.75,1.5
-12.75,2.25
-12.75,3
-12.75,3.75
-12.75,4.5
-12.75,5.25
-12.75,6
-12.75,6.75
-12.75,7.5
-12.75,8.25
-12.75,9
-12.75,9.75
-12.75,10.5
-12.75,11.25
-12.75,12
-12.75,12.75
-12.75,13.5
-12.75,14.25
-12.75,15
-12.75,15.75
-12.75,16.5
-12.75,17.25
-12.75,18
-12.75,18.75
-12.75,19.5
-12.75,20.25
-12.75,21
-12.75,21.75
-12.75,22.5
-12.75,23.25
-12.75,24
-12.75,24.75
-12.75,25.5
-12.75,26.25
-12.75,27
-12.75,27.75
-12.75,28.5
-12.75,29.25
-12.75,30
-12,-9.75
-12,-9
-12,-8.25
-12,-7.5
-12,-6.75
-12,-6
-12,-5.25
-12,-4.5
-12,-3.75
-12,-3
-12,-2.25
-12,-1.5
-12,-0.75
-12,0
-12,0.75
-12,1.5
-12,2.25
-12,3
-12,3.75
-12,4.5
-12,5.25
-12,6
-12,6.75
-12,7.5
-12,8.25
-12,9
-12,9.75
-12,10.5
-12,11.25
-12,12
-12,12.75
-12,13.5
-12,14.25
-12,15
-12,15.75
-12,16.5
-12,17.25
-12,18
-12,18.75
-12,19.5
-12,20.25
-12,21
-12,21.75
-12,22.5
-12,23.25
-12,24
-12,24.75
-12,25.5
-12,26.25
-12,27
-12,27.75
-12,28.5
-12,29.25
-12,30
-11.25,-9.75
-11.25,-9
-11.25,-8.25
-11.25,-7.5
-11.25,-6.75
-11.25,-6
-11.25,-5.25
-11.25,-4.5
-11.25,-3.75
-11.25,-3
-11.25,-2.25
-11.25,-1.5
-11.25,-0.75
-11.25,0
-11.25,0.75
-11.25,1.5
-11.25,2.25
-11.25,3
-11.25,3.75
-11.25,4.5
-11.25,5.25
-11.25,6
-11.25,6.75
-11.25,7.5
-11.25,8.25
-11.25,9
-11.25,9.75
-11.25,10.5
-11.25,11.25
-11.25,12
-11.25,12.75
-11.25,13.5
-11.25,14.25
-11.25,15
-11.25,15.75
-11.25,16.5
-11.25,17.25
-11.25,18
-11.25,18.75
-11.25,19.5
-11.25,20.25
-11.25,21
-11.25,21.75
-11.25,22.5
-11.25,23.25
-11.25,24
-11.25,24.75
-11.25,25.5
-11.25,26.25
-11.25,27
-11.25,27.75
-11.25,28.5
-11.25,29.25
-11.25,30
-10.5,-9.75
-10.5,-9
-10.5,-8.25
-10.5,-7.5
-10.5,-6.75
-10.5,-6
-10.5,-5.25
-10.5,-4.5
-10.5,-3.75
-10.5,-3
-10.5,-2.25
-10.5,-1.5
-10.5,-0.75
-10.5,0
-10.5,0.75
-10.5,1.5
-10.5,2.25
-10.5,3
-10.5,3.75
-10.5,4.5
-10.5,5.25
-10.5,6
-10.5,6.75
-10.5,7.5
-10.5,8.25
-10.5,9
-10.5,9.75
-10.5,10.5
-10.5,11.25
-10.5,12
-10.5,12.75
-10.5,13.5
-10.5,14.25
-10.5,15
-10.5,15.75
-10.5,16.5
-10.5,17.25
-10.5,18
-10.5,18.75
-10.5,19.5
-10.5,20.25
-10.5,21
-10.5,21.75
-10.5,22.5
-10.5,23.25
-10.5,24
-10.5,24.75
-10.5,25.5
-10.5,26.25
-10.5,27
-10.5,27.75
-10.5,28.5
-10.5,29.25
-10.5,30
-9.75,-9.75
-9.75,-9
-9.75,-8.25
-9.75,-7.5
-9.75,-6.75
-9.75,-6
-9.75,-5.25
-9.75,-4.5
-9.75,-3.75
-9.75,-3
-9.75,-2.25
-9.75,-1.5
-9.75,-0.75
-9.75,0
-9.75,0.75
-9.75,1.5
-9.75,2.25
-9.75,3
-9.75,3.75
-9.75,4.5
-9.75,5.25
-9.75,6
-9.75,6.75
-9.75,7.5
-9.75,8.25
-9.75,9
-9.75,9.75
-9.75,10.5
-9.75,11.25
-9.75,12
-9.75,12.75
-9.75,13.5
-9.75,14.25
-9.75,15
-9.75,15.75
-9.75,16.5
-9.75,17.25
-9.75,18
-9.75,18.75
-9.75,19.5
-9.75,20.25
-9.75,21
-9.75,21.75
-9.75,22.5
-9.75,23.25
-9.75,24
-9.75,24.75
-9.75,25.5
-9.75,26.25
-9.75,27
-9.75,27.75
-9.75,28.5
-9.75,29.25
-9.75,30
-9,-9.75
-9,-9
-9,-8.25
-9,-7.5
-9,-6.75
-9,-6
-9,-5.25
-9,-4.5
-9,-3.75
-9,-3
-9,-2.25
-9,-1.5
-9,-0.75
-9,0
-9,0.75
-9,1.5
-9,2.25
-9,3
-9,3.75
-9,4.5
-9,5.25
-9,6
-9,6.75
-9,7.5
-9,8.25
-9,9
-9,9.75
-9,10.5
-9,11.25
-9,12
-9,12.75
-9,13.5
-9,14.25
-9,15
-9,15.75
-9,16.5
-9,17.25
-9,18
-9,18.75
-9,19.5
-9,20.25
-9,21
-9,21.75
-9,22.5
-9,23.25
-9,24
-9,24.75
-9,25.5
-9,26.25
-9,27
-9,27.75
-9,28.5
-9,29.25
-9,30
-8.25,-9.75
-8.25,-9
-8.25,-8.25
-8.25,-7.5
-8.25,-6.75
-8.25,-6
-8.25,-5.25
-8.25,-4.5
-8.25,-3.75
-8.25,-3
-8.25,-2.25
-8.25,-1.5
-8.25,-0.75
-8.25,0
-8.25,0.75
-8.25,1.5
-8.25,2.25
-8.25,3
-8.25,3.75
-8.25,4.5
-8.25,5.25
-8.25,6
-8.25,6.75
-8.25,7.5
-8.25,8.25
-8.25,9
-8.25,9.75
-8.25,10.5
-8.25,11.25
-8.25,12
-8.25,12.75
-8.25,13.5
-8.25,14.25
-8.25,15
-8.25,15.75
-8.25,16.5
-8.25,17.25
-8.25,18
-8.25,18.75
-8.25,19.5
-8.25,20.25
-8.25,21
-8.25,21.75
-8.25,22.5
-8.25,23.25
-8.25,24
-8.25,24.75
-8.25,25.5
-8.25,26.25
-8.25,27
-8.25,27.75
-8.25,28.5
-8.25,29.25
-8.25,30
-7.5,-9.75
-7.5,-9
-7.5,-8.25
-7.5,-7.5
-7.5,-6.75
-7.5,-6
-7.5,-5.25
-7.5,-4.5
-7.5,-3.75
-7.5,-3
-7.5,-2.25
-7.5,-1.5
-7.5,-0.75
-7.5,0
-7.5,0.75
-7.5,1.5
-7.5,2.25
-7.5,3
-7.5,3.75
-7.5,4.5
-7.5,5.25
-7.5,6
-7.5,6.75
-7.5,7.5
-7.5,8.25
-7.5,9
-7.5,9.75
-7.5,10.5
-7.5,11.25
-7.5,12
-7.5,12.75
-7.5,13.5
-7.5,14.25
-7.5,15
-7.5,15.75
-7.5,16.5
-7.5,17.25
-7.5,18
-7.5,18.75
-7.5,19.5
-7.5,20.25
-7.5,21
-7.5,21.75
-7.5,22.5
-7.5,23.25
-7.5,24
-7.5,24.75
-7.5,25.5
-7.5,26.25
-7.5,27
-7.5,27.75
-7.5,28.5
-7.5,29.25
-7.5,30
-6.75,-9.75
-6.75,-9
-6.75,-8.25
-6.75,-7.5
-6.75,-6.75
-6.75,-6
-6.75,-5.25
-6.75,-4.5
-6.75,-3.75
-6.75,-3
-6.75,-2.25
-6.75,-1.5
-6.75,-0.75
-6.75,0
-6.75,0.75
-6.75,1.5
-6.75,2.25
-6.75,3
-6.75,3.75
-6.75,4.5
-6.75,5.25
-6.75,6
-6.75,6.75
-6.75,7.5
-6.75,8.25
-6.75,9
-6.75,9.75
-6.75,10.5
-6.75,11.25
-6.75,12
-6.75,12.75
-6.75,13.5
-6.75,14.25
-6.75,15
-6.75,15.75
-6.75,16.5
-6.75,17.25
-6.75,18
-6.75,18.75
-6.75,19.5
-6.75,20.25
-6.75,21
-6.75,21.75
-6.75,22.5
-6.75,23.25
-6.75,24
-6.75,24.75
-6.75,25.5
-6.75,26.25
-6.75,27
-6.75,27.75
-6.75,28.5
-6.75,29.25
-6.75,30
-6,-9.75
-6,-9
-6,-8.25
-6,-7.5
-6,-6.75
-6,-6
-6,-5.25
-6,-4.5
-6,-3.75
-6,-3
-6,-2.25
-6,-1.5
-6,-0.75
-6,0
-6,0.75
-6,1.5
-6,2.25
-6,3
-6,3.75
-6,4.5
-6,5.25
-6,6
-6,6.75
-6,7.5
-6,8.25
-6,9
-6,9.75
-6,10.5
-6,11.25
-6,12
-6,12.75
-6,13.5
-6,14.25
-6,15
-6,15.75
-6,16.5
-6,17.25
-6,18
-6,18.75
-6,19.5
-6,20.25
-6,21
-6,21.75
-6,22.5
-6,23.25
-6,24
-6,24.75
-6,25.5
-6,26.25
-6,27
-6,27.75
-6,28.5
-6,29.25
-6,30
-5.25,-9.75
-5.25,-9
-5.25,-8.25
-5.25,-7.5
-5.25,-6.75
-5.25,-6
-5.25,-5.25
-5.25,-4.5
-5.25,-3.75
-5.25,-3
-5.25,-2.25
-5.25,-1.5
-5.25,-0.75
-5.25,0
-5.25,0.75
-5.25,1.5
-5.25,2.25
-5.25,3
-5.25,3.75
-5.25,4.5
-5.25,5.25
-5.25,6
-5.25,6.75
-5.25,7.5
-5.25,8.25
-5.25,9
-5.25,9.75
-5.25,10.5
-5.25,11.25
-5.25,12
-5.25,12.75
-5.25,13.5
-5.25,14.25
-5.25,15
-5.25,15.75
-5.25,16.5
-5.25,17.25
-5.25,18
-5.25,18.75
-5.25,19.5
-5.25,20.25
-5.25,21
-5.25,21.75
-5.25,22.5
-5.25,23.25
-5.25,24
-5.25,24.75
-5.25,25.5
-5.25,26.25
-5.25,27
-5.25,27.75
-5.25,28.5
-5.25,29.25
-5.25,30
-4.5,-9.75
-4.5,-9
-4.5,-8.25
-4.5,-7.5
-4.5,-6.75
-4.5,-6
-4.5,-5.25
-4.5,-4.5
-4.5,-3.75
-4.5,-3
-4.5,-2.25
-4.5,-1.5
-4.5,-0.75
-4.5,0
-4.5,0.75
-4.5,1.5
-4.5,2.25
-4.5,3
-4.5,3.75
-4.5,4.5
-4.5,5.25
-4.5,6
-4.5,6.75
-4.5,7.5
-4.5,8.25
-4.5,9
-4.5,9.75
-4.5,10.5
-4.5,11.25
-4.5,12
-4.5,12.75
-4.5,13.5
-4.5,14.25
-4.5,15
-4.5,15.75
-4.5,16.5
-4.5,17.25
-4.5,18
-4.5,18.75
-4.5,19.5
-4.5,20.25
-4.5,21
-4.5,21.75
-4.5,22.5
-4.5,23.25
-4.5,24
-4.5,24.75
-4.5,25.5
-4.5,26.25
-4.5,27
-4.5,27.75
-4.5,28.5
-4.5,29.25
-4.5,30
-3.75,-9.75
-3.75,-9
-3.75,-8.25
-3.75,-7.5
-3.75,-6.75
-3.75,-6
-3.75,-5.25
-3.75,-4.5
-3.75,-3.75
-3.75,-3
-3.75,-2.25
-3.75,-1.5
-3.75,-0.75
-3.75,0
-3.75,0.75
-3.75,1.5
-3.75,2.25
-3.75,3
-3.75,3.75
-3.75,4.5
-3.75,5.25
-3.75,6
-3.75,6.75
-3.75,7.5
-3.75,8.25
-3.75,9
-3.75,9.75
-3.75,10.5
-3.75,11.25
-3.75,12
-3.75,12.75
-3.75,13.5
-3.75,14.25
-3.75,15
-3.75,15.75
-3.75,16.5
-3.75,17.25
-3.75,18
-3.75,18.75
-3.75,19.5
-3.75,20.25
-3.75,21
-3.75,21.75
-3.75,22.5
-3.75,23.25
-3.75,24
-3.75,24.75
-3.75,25.5
-3.75,26.25
-3.75,27
-3.75,27.75
-3.75,28.5
-3.75,29.25
-3.75,30
-3,-9.75
-3,-9
-3,-8.25
-3,-7.5
-3,-6.75
-3,-6
-3,-5.25
-3,-4.5
-3,-3.75
-3,-3
-3,-2.25
-3,-1.5
-3,-0.75
-3,0
-3,0.75
-3,1.5
-3,2.25
-3,3
-3,3.75
-3,4.5
-3,5.25
-3,6
-3,6.75
-3,7.5
-3,8.25
-3,9
-3,9.75
-3,10.5
-3,11.25
-3,12
-3,12.75
-3,13.5
-3,14.25
-3,15
-3,15.75
-3,16.5
-3,17.25
-3,18
-3,18.75
-3,19.5
-3,20.25
-3,21
-3,21.75
-3,22.5
-3,23.25
-3,24
-3,24.75
-3,25.5
-3,26.25
-3,27
-3,27.75
-3,28.5
-3,29.25
-3,30
-2.25,-9.75
-2.25,-9
-2.25,-8.25
-2.25,-7.5
-2.25,-6.75
-2.25,-6
-2.25,-5.25
-2.25,-4.5
-2.25,-3.75
-2.25,-3
-2.25,-2.25
-2.25,-1.5
-2.25,-0.75
-2.25,0
-2.25,0.75
-2.25,1.5
-2.25,2.25
-2.25,3
-2.25,3.75
-2.25,4.5
-2.25,5.25
-2.25,6
-2.25,6.75
-2.25,7.5
-2.25,8.25
-2.25,9
-2.25,9.75
-2.25,10.5
-2.25,11.25
-2.25,12
-2.25,12.75
-2.25,13.5
-2.25,14.25
-2.25,15
-2.25,15.75
-2.25,16.5
-2.25,17.25
-2.25,18
-2.25,18.75
-2.25,19.5
-2.25,20.25
-2.25,21
-2.25,21.75
-2.25,22.5
-2.25,23.25
-2.25,24
-2.25,24.75
-2.25,25.5
-2.25,26.25
-2.25,27
-2.25,27.75
-2.25,28.5
-2.25,29.25
-2.25,30
-1.5,-9.75
-1.5,-9
-1.5,-8.25
-1.5,-7.5
-1.5,-6.75
-1.5,-6
-1.5,-5.25
-1.5,-4.5
-1.5,-3.75
-1.5,-3
-1.5,-2.25
-1.5,-1.5
-1.5,-0.75
-1.5,0
-1.5,0.75
-1.5,1.5
-1.5,2.25
-1.5,3
-1.5,3.75
-1.5,4.5
-1.5,5.25
-1.5,6
-1.5,6.75
-1.5,7.5
-1.5,8.25
-1.5,9
-1.5,9.75
-1.5,10.5
-1.5,11.25
-1.5,12
-1.5,12.75
-1.5,13.5
-1.5,14.25
-1.5,15
-1.5,15.75
-1.5,16.5
-1.5,17.25
-1.5,18
-1.5,18.75
-1.5,19.5
-1.5,20.25
-1.5,21
-1.5,21.75
-1.5,22.5
-1.5,23.25
-1.5,24
-1.5,24.75
-1.5,25.5
-1.5,26.25
-1.5,27
-1.5,27.75
-1.5,28.5
-1.5,29.25
-1.5,30
-0.75,-9.75
-0.75,-9
-0.75,-8.25
-0.75,-7.5
-0.75,-6.75
-0.75,-6
-0.75,-5.25
-0.75,-4.5
-0.75,-3.75
-0.75,-3
-0.75,-2.25
-0.75,-1.5
-0.75,-0.75
-0.75,0
-0.75,0.75
-0.75,1.5
-0.75,2.25
-0.75,3
-0.75,3.75
-0.75,4.5
-0.75,5.25
-0.75,6
-0.75,6.75
-0.75,7.5
-0.75,8.25
-0.75,9
-0.75,9.75
-0.75,10.5
-0.75,11.25
-0.75,12
-0.75,12.75
-0.75,13.5
-0.75,14.25
-0.75,15
-0.75,15.75
-0.75,16.5
-0.75,17.25
-0.75,18
-0.75,18.75
-0.75,19.5
-0.75,20.25
-0.75,21
-0.75,21.75
-0.75,22.5
-0.75,23.25
-0.75,24
-0.75,24.75
-0.75,25.5
-0.75,26.25
-0.75,27
-0.75,27.75
-0.75,28.5
-0.75,29.25
-0.75,30
0,-9.75
0,-9
0,-8.25
0,-7.5
0,-6.75
0,-6
0,-5.25
0,-4.5
0,-3.75
0,-3
0,-2.25
0,-1.5
0,-0.75
0,0
0,0.75
0,1.5
0,2.25
0,3
0,3.75
0,4.5
0,5.25
0,6
0,6.75
0,7.5
0,8.25
0,9
0,9.75
0,10.5
0,11.25
0,12
0,12.75
0,13.5
0,14.25
0,15
0,15.75
0,16.5
0,17.25
0,18
0,18.75
0,19.5
0,20.25
0,21
0,21.75
0,22.5
0,23.25
0,24
0,24.75
0,25.5
0,26.25
0,27
0,27.75
0,28.5
0,29.25
0,30
0.75,-9.75
0.75,-9
0.75,-8.25
0.75,-7.5
0.75,-6.75
0.75,-6
0.75,-5.25
0.75,-4.5
0.75,-3.75
0.75,-3
0.75,-2.25
0.75,-1.5
0.75,-0.75
0.75,0
0.75,0.75
0.75,1.5
0.75,2.25
0.75,3
0.75,3.75
0.75,4.5
0.75,5.25
0.75,6
0.75,6.75
0.75,7.5
0.75,8.25
0.75,9
0.75,9.75
0.75,10.5
0.75,11.25
0.75,12
0.75,12.75
0.75,13.5
0.75,14.25
0.75,15
0.75,15.75
0.75,16.5
0.75,17.25
0.75,18
0.75,18.75
0.75,19.5
0.75,20.25
0.75,21
0.75,21.75
0.75,22.5
0.75,23.25
0.75,24
0.75,24.75
0.75,25.5
0.75,26.25
0.75,27
0.75,27.75
0.75,28.5
0.75,29.25
0.75,30
1.5,-9.75
1.5,-9
1.5,-8.25
1.5,-7.5
1.5,-6.75
1.5,-6
1.5,-5.25
1.5,-4.5
1.5,-3.75
1.5,-3
1.5,-2.25
1.5,-1.5
1.5,-0.75
1.5,0
1.5,0.75
1.5,1.5
1.5,2.25
1.5,3
1.5,3.75
1.5,4.5
1.5,5.25
1.5,6
1.5,6.75
1.5,7.5
1.5,8.25
1.5,9
1.5,9.75
1.5,10.5
1.5,11.25
1.5,12
1.5,12.75
1.5,13.5
1.5,14.25
1.5,15
1.5,15.75
1.5,16.5
1.5,17.25
1.5,18
1.5,18.75
1.5,19.5
1.5,20.25
1.5,21
1.5,21.75
1.5,22.5
1.5,23.25
1.5,24
1.5,24.75
1.5,25.5
1.5,26.25
1.5,27
1.5,27.75
1.5,28.5
1.5,29.25
1.5,30
2.25,-9.75
2.25,-9
2.25,-8.25
2.25,-7.5
2.25,-6.75
2.25,-6
2.25,-5.25
2.25,-4.5
2.25,-3.75
2.25,-3
2.25,-2.25
2.25,-1.5
2.25,-0.75
2.25,0
2.25,0.75
2.25,1.5
2.25,2.25
2.25,3
2.25,3.75
2.25,4.5
2.25,5.25
2.25,6
2.25,6.75
2.25,7.5
2.25,8.25
2.25,9
2.25,9.75
2.25,10.5
2.25,11.25
2.25,12
2.25,12.75
2.25,13.5
2.25,14.25
2.25,15
2.25,15.75
2.25,16.5
2.25,17.25
2.25,18
2.25,18.75
2.25,19.5
2.25,20.25
2.25,21
2.25,21.75
2.25,22.5
2.25,23.25
2.25,24
2.25,24.75
2.25,25.5
2.25,26.25
2.25,27
2.25,27.75
2.25,28.5
2.25,29.25
2.25,30
3,-9.75
3,-9
3,-8.25
3,-7.5
3,-6.75
3,-6
3,-5.25
3,-4.5
3,-3.75
3,-3
3,-2.25
3,-1.5
3,-0.75
3,0
3,0.75
3,1.5
3,2.25
3,3
3,3.75
3,4.5
3,5.25
3,6
3,6.75
3,7.5
3,8.25
3,9
3,9.75
3,10.5
3,11.25
3,12
3,12.75
3,13.5
3,14.25
3,15
3,15.75
3,16.5
3,17.25
3,18
3,18.75
3,19.5
3,20.25
3,21
3,21.75
3,22.5
3,23.25
3,24
3,24.75
3,25.5
3,26.25
3,27
3,27.75
3,28.5
3,29.25
3,30
3.75,-9.75
3.75,-9
3.75,-8.25
3.75,-7.5
3.75,-6.75
3.75,-6
3.75,-5.25
3.75,-4.5
3.75,-3.75
3.75,-3
3.75,-2.25
3.75,-1.5
3.75,-0.75
3.75,0
3.75,0.75
3.75,1.5
3.75,2.25
3.75,3
3.75,3.75
3.75,4.5
3.75,5.25
3.75,6
3.75,6.75
3.75,7.5
3.75,8.25
3.75,9
3.75,9.75
3.75,10.5
3.75,11.25
3.75,12
3.75,12.75
3.75,13.5
3.75,14.25
3.75,15
3.75,15.75
3.75,16.5
3.75,17.25
3.75,18
3.75,18.75
3.75,19.5
3.75,20.25
3.75,21
3.75,21.75
3.75,22.5
3.75,23.25
3.75,24
3.75,24.75
3.75,25.5
3.75,26.25
3.75,27
3.75,27.75
3.75,28.5
3.75,29.25
3.75,30
4.5,-9.75
4.5,-9
4.5,-8.25
4.5,-7.5
4.5,-6.75
4.5,-6
4.5,-5.25
4.5,-4.5
4.5,-3.75
4.5,-3
4.5,-2.25
4.5,-1.5
4.5,-0.75
4.5,0
4.5,0.75
4.5,1.5
4.5,2.25
4.5,3
4.5,3.75
4.5,4.5
4.5,5.25
4.5,6
4.5,6.75
4.5,7.5
4.5,8.25
4.5,9
4.5,9.75
4.5,10.5
4.5,11.25
4.5,12
4.5,12.75
4.5,13.5
4.5,14.25
4.5,15
4.5,15.75
4.5,16.5
4.5,17.25
4.5,18
4.5,18.75
4.5,19.5
4.5,20.25
4.5,21
4.5,21.75
4.5,22.5
4.5,23.25
4.5,24
4.5,24.75
4.5,25.5
4.5,26.25
4.5,27
4.5,27.75
4.5,28.5
4.5,29.25
4.5,30
5.25,-9.75
5.25,-9
5.25,-8.25
5.25,-7.5
5.25,-6.75
5.25,-6
5.25,-5.25
5.25,-4.5
5.25,-3.75
5.25,-3
5.25,-2.25
5.25,-1.5
5.25,-0.75
5.25,0
5.25,0.75
5.25,1.5
5.25,2.25
5.25,3
5.25,3.75
5.25,4.5
5.25,5.25
5.25,6
5.25,6.75
5.25,7.5
5.25,8.25
5.25,9
5.25,9.75
5.25,10.5
5.25,11.25
5.25,12
5.25,12.75
5.25,13.5
5.25,14.25
5.25,15
5.25,15.75
5.25,16.5
5.25,17.25
5.25,18
5.25,18.75
5.25,19.5
5.25,20.25
5.25,21
5.25,21.75
5.25,22.5
5.25,23.25
5.25,24
5.25,24.75
5.25,25.5
5.25,26.25
5.25,27
5.25,27.75
5.25,28.5
5.25,29.25
5.25,30
6,-9.75
6,-9
6,-8.25
6,-7.5
6,-6.75
6,-6
6,-5.25
6,-4.5
6,-3.75
6,-3
6,-2.25
6,-1.5
6,-0.75
6,0
6,0.75
6,1.5
6,2.25
6,3
6,3.75
6,4.5
6,5.25
6,6
6,6.75
6,7.5
6,8.25
6,9
6,9.75
6,10.5
6,11.25
6,12
6,12.75
6,13.5
6,14.25
6,15
6,15.75
6,16.5
6,17.25
6,18
6,18.75
6,19.5
6,20.25
6,21
6,21.75
6,22.5
6,23.25
6,24
6,24.75
6,25.5
6,26.25
6,27
6,27.75
6,28.5
6,29.25
6,30
6.75,-9.75
6.75,-9
6.75,-8.25
6.75,-7.5
6.75,-6.75
6.75,-6
6.75,-5.25
6.75,-4.5
6.75,-3.75
6.75,-3
6.75,-2.25
6.75,-1.5
6.75,-0.75
6.75,0
6.75,0.75
6.75,1.5
6.75,2.25
6.75,3
6.75,3.75
6.75,4.5
6.75,5.25
6.75,6
6.75,6.75
6.75,7.5
6.75,8.25
6.75,9
6.75,9.75
6.75,10.5
6.75,11.25
6.75,12
6.75,12.75
6.75,13.5
6.75,14.25
6.75,15
6.75,15.75
6.75,16.5
6.75,17.25
6.75,18
6.75,18.75
6.75,19.5
6.75,20.25
6.75,21
6.75,21.75
6.75,22.5
6.75,23.25
6.75,24
6.75,24.75
6.75,25.5
6.75,26.25
6.75,27
6.75,27.75
6.75,28.5
6.75,29.25
6.75,30
7.5,-9.75
7.5,-9
7.5,-8.25
7.5,-7.5
7.5,-6.75
7.5,-6
7.5,-5.25
7.5,-4.5
7.5,-3.75
7.5,-3
7.5,-2.25
7.5,-1.5
7.5,-0.75
7.5,0
7.5,0.75
7.5,1.5
7.5,2.25
7.5,3
7.5,3.75
7.5,4.5
7.5,5.25
7.5,6
7.5,6.75
7.5,7.5
7.5,8.25
7.5,9
7.5,9.75
7.5,10.5
7.5,11.25
7.5,12
7.5,12.75
7.5,13.5
7.5,14.25
7.5,15
7.5,15.75
7.5,16.5
7.5,17.25
7.5,18
7.5,18.75
7.5,19.5
7.5,20.25
7.5,21
7.5,21.75
7.5,22.5
7.5,23.25
7.5,24
7.5,24.75
7.5,25.5
7.5,26.25
7.5,27
7.5,27.75
7.5,28.5
7.5,29.25
7.5,30
8.25,-9.75
8.25,-9
8.25,-8.25
8.25,-7.5
8.25,-6.75
8.25,-6
8.25,-5.25
8.25,-4.5
8.25,-3.75
8.25,-3
8.25,-2.25
8.25,-1.5
8.25,-0.75
8.25,0
8.25,0.75
8.25,1.5
8.25,2.25
8.25,3
8.25,3.75
8.25,4.5
8.25,5.25
8.25,6
8.25,6.75
8.25,7.5
8.25,8.25
8.25,9
8.25,9.75
8.25,10.5
8.25,11.25
8.25,12
8.25,12.75
8.25,13.5
8.25,14.25
8.25,15
8.25,15.75
8.25,16.5
8.25,17.25
8.25,18
8.25,18.75
8.25,19.5
8.25,20.25
8.25,21
8.25,21.75
8.25,22.5
8.25,23.25
8.25,24
8.25,24.75
8.25,25.5
8.25,26.25
8.25,27
8.25,27.75
8.25,28.5
8.25,29.25
8.25,30
9,-9.75
9,-9
9,-8.25
9,-7.5
9,-6.75
9,-6
9,-5.25
9,-4.5
9,-3.75
9,-3
9,-2.25
9,-1.5
9,-0.75
9,0
9,0.75
9,1.5
9,2.25
9,3
9,3.75
9,4.5
9,5.25
9,6
9,6.75
9,7.5
9,8.25
9,9
9,9.75
9,10.5
9,11.25
9,12
9,12.75
9,13.5
9,14.25
9,15
9,15.75
9,16.5
9,17.25
9,18
9,18.75
9,19.5
9,20.25
9,21
9,21.75
9,22.5
9,23.25
9,24
9,24.75
9,25.5
9,26.25
9,27
9,27.75
9,28.5
9,29.25
9,30
9.75,-9.75
9.75,-9
9.75,-8.25
9.75,-7.5
9.75,-6.75
9.75,-6
9.75,-5.25
9.75,-4.5
9.75,-3.75
9.75,-3
9.75,-2.25
9.75,-1.5
9.75,-0.75
9.75,0
9.75,0.75
9.75,1.5
9.75,2.25
9.75,3
9.75,3.75
9.75,4.5
9.75,5.25
9.75,6
9.75,6.75
9.75,7.5
9.75,8.25
9.75,9
9.75,9.75
9.75,10.5
9.75,11.25
9.75,12
9.75,12.75
9.75,13.5
9.75,14.25
9.75,15
9.75,15.75
9.75,16.5
9.75,17.25
9.75,18
9.75,18.75
9.75,19.5
9.75,20.25
9.75,21
9.75,21.75
9.75,22.5
9.75,23.25
9.75,24
9.75,24.75
9.75,25.5
9.75,26.25
9.75,27
9.75,27.75
9.75,28.5
9.75,29.25
9.75,30
10.5,-9.75
10.5,-9
10.5,-8.25
10.5,-7.5
10.5,-6.75
10.5,-6
10.5,-5.25
10.5,-4.5
10.5,-3.75
10.5,-3
10.5,-2.25
10.5,-1.5
10.5,-0.75
10.5,0
10.5,0.75
10.5,1.5
10.5,2.25
10.5,3
10.5,3.75
10.5,4.5
10.5,5.25
10.5,6
10.5,6.75
10.5,7.5
10.5,8.25
10.5,9
10.5,9.75
10.5,10.5
10.5,11.25
10.5,12
10.5,12.75
10.5,13.5
10.5,14.25
10.5,15
10.5,15.75
10.5,16.5
10.5,17.25
10.5,18
10.5,18.75
10.5,19.5
10.5,20.25
10.5,21
10.5,21.75
10.5,22.5
10.5,23.25
10.5,24
10.5,24.75
10.5,25.5
10.5,26.25
10.5,27
10.5,27.75
10.5,28.5
10.5,29.25
10.5,30
11.25,-9.75
11.25,-9
11.25,-8.25
11.25,-7.5
11.25,-6.75
11.25,-6
11.25,-5.25
11.25,-4.5
11.25,-3.75
11.25,-3
11.25,-2.25
11.25,-1.5
11.25,-0.75
11.25,0
11.25,0.75
11.25,1.5
11.25,2.25
11.25,3
11.25,3.75
11.25,4.5
11.25,5.25
11.25,6
11.25,6.75
11.25,7.5
11.25,8.25
11.25,9
11.25,9.75
11.25,10.5
11.25,11.25
11.25,12
11.25,12.75
11.25,13.5
11.25,14.25
11.25,15
11.25,15.75
11.25,16.5
11.25,17.25
11.25,18
11.25,18.75
11.25,19.5
11.25,20.25
11.25,21
11.25,21.75
11.25,22.5
11.25,23.25
11.25,24
11.25,24.75
11.25,25.5
11.25,26.25
11.25,27
11.25,27.75
11.25,28.5
11.25,29.25
11.25,30
12,-9.75
12,-9
12,-8.25
12,-7.5
12,-6.75
12,-6
12,-5.25
12,-4.5
12,-3.75
12,-3
12,-2.25
12,-1.5
12,-0.75
12,0
12,0.75
12,1.5
12,2.25
12,3
12,3.75
12,4.5
12,5.25
12,6
12,6.75
12,7.5
12,8.25
12,9
12,9.75
12,10.5
12,11.25
12,12
12,12.75
12,13.5
12,14.25
12,15
12,15.75
12,16.5
12,17.25
12,18
12,18.75
12,19.5
12,20.25
12,21
12,21.75
12,22.5
12,23.25
12,24
12,24.75
12,25.5
12,26.25
12,27
12,27.75
12,28.5
12,29.25
12,30
12.75,-9.75
12.75,-9
12.75,-8.25
12.75,-7.5
12.75,-6.75
12.75,-6
12.75,-5.25
12.75,-4.5
12.75,-3.75
12.75,-3
12.75,-2.25
12.75,-1.5
12.75,-0.75
12.75,0
12.75,0.75
12.75,1.5
12.75,2.25
12.75,3
12.75,3.75
12.75,4.5
12.75,5.25
12.75,6
12.75,6.75
12.75,7.5
12.75,8.25
12.75,9
12.75,9.75
12.75,10.5
12.75,11.25
12.75,12
12.75,12.75
12.75,13.5
12.75,14.25
12.75,15
12.75,15.75
12.75,16.5
12.75,17.25
12.75,18
12.75,18.75
12.75,19.5
12.75,20.25
12.75,21
12.75,21.75
12.75,22.5
12.75,23.25
12.75,24
12.75,24.75
12.75,25.5
12.75,26.25
12.75,27
12.75,27.75
12.75,28.5
12.75,29.25
12.75,30
13.5,-9.75
13.5,-9
13.5,-8.25
13.5,-7.5
13.5,-6.75
13.5,-6
13.5,-5.25
13.5,-4.5
13.5,-3.75
13.5,-3
13.5,-2.25
13.5,-1.5
13.5,-0.75
13.5,0
13.5,0.75
13.5,1.5
13.5,2.25
13.5,3
13.5,3.75
13.5,4.5
13.5,5.25
13.5,6
13.5,6.75
13.5,7.5
13.5,8.25
13.5,9
13.5,9.75
13.5,10.5
13.5,11.25
13.5,12
13.5,12.75
13.5,13.5
13.5,14.25
13.5,15
13.5,15.75
13.5,16.5
13.5,17.25
13.5,18
13.5,18.75
13.5,19.5
13.5,20.25
13.5,21
13.5,21.75
13.5,22.5
13.5,23.25
13.5,24
13.5,24.75
13.5,25.5
13.5,26.25
13.5,27
13.5,27.75
13.5,28.5
13.5,29.25
13.5,30
14.25,-9.75
14.25,-9
14.25,-8.25
14.25,-7.5
14.25,-6.75
14.25,-6
14.25,-5.25
14.25,-4.5
14.25,-3.75
14.25,-3
14.25,-2.25
14.25,-1.5
14.25,-0.75
14.25,0
14.25,0.75
14.25,1.5
14.25,2.25
14.25,3
14.25,3.75
14.25,4.5
14.25,5.25
14.25,6
14.25,6.75
14.25,7.5
14.25,8.25
14.25,9
14.25,9.75
14.25,10.5
14.25,11.25
14.25,12
14.25,12.75
14.25,13.5
14.25,14.25
14.25,15
14.25,15.75
14.25,16.5
14.25,17.25
14.25,18
14.25,18.75
14.25,19.5
14.25,20.25
14.25,21
14.25,21.75
14.25,22.5
14.25,23.25
14.25,24
14.25,24.75
14.25,25.5
14.25,26.25
14.25,27
14.25,27.75
14.25,28.5
14.25,29.25
14.25,30
15,-9.75
15,-9
15,-8.25
15,-7.5
15,-6.75
15,-6
15,-5.25
15,-4.5
15,-3.75
15,-3
15,-2.25
15,-1.5
15,-0.75
15,0
15,0.75
15,1.5
15,2.25
15,3
15,3.75
15,4.5
15,5.25
15,6
15,6.75
15,7.5
15,8.25
15,9
15,9.75
15,10.5
15,11.25
15,12
15,12.75
15,13.5
15,14.25
15,15
15,15.75
15,16.5
15,17.25
15,18
15,18.75
15,19.5
15,20.25
15,21
15,21.75
15,22.5
15,23.25
15,24
15,24.75
15,25.5
15,26.25
15,27
15,27.75
15,28.5
15,29.25
15,30
15.75,-9.75
15.75,-9
15.75,-8.25
15.75,-7.5
15.75,-6.75
15.75,-6
15.75,-5.25
15.75,-4.5
15.75,-3.75
15.75,-3
15.75,-2.25
15.75,-1.5
15.75,-0.75
15.75,0
15.75,0.75
15.75,1.5
15.75,2.25
15.75,3
15.75,3.75
15.75,4.5
15.75,5.25
15.75,6
15.75,6.75
15.75,7.5
15.75,8.25
15.75,9
15.75,9.75
15.75,10.5
15.75,11.25
15.75,12
15.75,12.75
15.75,13.5
15.75,14.25
15.75,15
15.75,15.75
15.75,16.5
15.75,17.25
15.75,18
15.75,18.75
15.75,19.5
15.75,20.25
15.75,21
15.75,21.75
15.75,22.5
15.75,23.25
15.75,24
15.75,24.75
15.75,25.5
15.75,26.25
15.75,27
15.75,27.75
15.75,28.5
15.75,29.25
15.75,30
16.5,-9.75
16.5,-9
16.5,-8.25
16.5,-7.5
16.5,-6.75
16.5,-6
16.5,-5.25
16.5,-4.5
16.5,-3.75
16.5,-3
16.5,-2.25
16.5,-1.5
16.5,-0.75
16.5,0
16.5,0.75
16.5,1.5
16.5,2.25
16.5,3
16.5,3.75
16.5,4.5
16.5,5.25
16.5,6
16.5,6.75
16.5,7.5
16.5,8.25
16.5,9
16.5,9.75
16.5,10.5
16.5,11.25
16.5,12
16.5,12.75
16.5,13.5
16.5,14.25
16.5,15
16.5,15.75
16.5,16.5
16.5,17.25
16.5,18
16.5,18.75
16.5,19.5
16.5,20.25
16.5,21
16.5,21.75
16.5,22.5
16.5,23.25
16.5,24
16.5,24.75
16.5,25.5
16.5,26.25
16.5,27
16.5,27.75
16.5,28.5
16.5,29.25
16.5,30
17.25,-9.75
17.25,-9
17.25,-8.25
17.25,-7.5
17.25,-6.75
17.25,-6
17.25,-5.25
17.25,-4.5
17.25,-3.75
17.25,-3
17.25,-2.25
17.25,-1.5
17.25,-0.75
17.25,0
17.25,0.75
17.25,1.5
17.25,2.25
17.25,3
17.25,3.75
17.25,4.5
17.25,5.25
17.25,6
17.25,6.75
17.25,7.5
17.25,8.25
17.25,9
17.25,9.75
17.25,10.5
17.25,11.25
17.25,12
17.25,12.75
17.25,13.5
17.25,14.25
17.25,15
17.25,15.75
17.25,16.5
17.25,17.25
17.25,18
17.25,18.75
17.25,19.5
17.25,20.25
17.25,21
17.25,21.75
17.25,22.5
17.25,23.25
17.25,24
17.25,24.75
17.25,25.5
17.25,26.25
17.25,27
17.25,27.75
17.25,28.5
17.25,29.25
17.25,30
18,-9.75
18,-9
18,-8.25
18,-7.5
18,-6.75
18,-6
18,-5.25
18,-4.5
18,-3.75
18,-3
18,-2.25
18,-1.5
18,-0.75
18,0
18,0.75
18,1.5
18,2.25
18,3
18,3.75
18,4.5
18,5.25
18,6
18,6.75
18,7.5
18,8.25
18,9
18,9.75
18,10.5
18,11.25
18,12
18,12.75
18,13.5
18,14.25
18,15
18,15.75
18,16.5
18,17.25
18,18
18,18.75
18,19.5
18,20.25
18,21
18,21.75
18,22.5
18,23.25
18,24
18,24.75
18,25.5
18,26.25
18,27
18,27.75
18,28.5
18,29.25
18,30
18.75,-9.75
18.75,-9
18.75,-8.25
18.75,-7.5
18.75,-6.75
18.75,-6
18.75,-5.25
18.75,-4.5
18.75,-3.75
18.75,-3
18.75,-2.25
18.75,-1.5
18.75,-0.75
18.75,0
18.75,0.75
18.75,1.5
18.75,2.25
18.75,3
18.75,3.75
18.75,4.5
18.75,5.25
18.75,6
18.75,6.75
18.75,7.5
18.75,8.25
18.75,9
18.75,9.75
18.75,10.5
18.75,11.25
18.75,12
18.75,12.75
18.75,13.5
18.75,14.25
18.75,15
18.75,15.75
18.75,16.5
18.75,17.25
18.75,18
18.75,18.75
18.75,19.5
18.75,20.25
18.75,21
18.75,21.75
18.75,22.5
18.75,23.25
18.75,24
18.75,24.75
18.75,25.5
18.75,26.25
18.75,27
18.75,27.75
18.75,28.5
18.75,29.25
18.75,30
19.5,-9.75
19.5,-9
19.5,-8.25
19.5,-7.5
19.5,-6.75
19.5,-6
19.5,-5.25
19.5,-4.5
19.5,-3.75
19.5,-3
19.5,-2.25
19.5,-1.5
19.5,-0.75
19.5,0
19.5,0.75
19.5,1.5
19.5,2.25
19.5,3
19.5,3.75
19.5,4.5
19.5,5.25
19.5,6
19.5,6.75
19.5,7.5
19.5,8.25
19.5,9
19.5,9.75
19.5,10.5
19.5,11.25
19.5,12
19.5,12.75
19.5,13.5
19.5,14.25
19.5,15
19.5,15.75
19.5,16.5
19.5,17.25
19.5,18
19.5,18.75
19.5,19.5
19.5,20.25
19.5,21
19.5,21.75
19.5,22.5
19.5,23.25
19.5,24
19.5,24.75
19.5,25.5
19.5,26.25
19.5,27
19.5,27.75
19.5,28.5
19.5,29.25
19.5,30
20.25,-9.75
20.25,-9
20.25,-8.25
20.25,-7.5
20.25,-6.75
20.25,-6
20.25,-5.25
20.25,-4.5
20.25,-3.75
20.25,-3
20.25,-2.25
20.25,-1.5
20.25,-0.75
20.25,0
20.25,0.75
20.25,1.5
20.25,2.25
20.25,3
20.25,3.75
20.25,4.5
20.25,5.25
20.25,6
20.25,6.75
20.25,7.5
20.25,8.25
20.25,9
20.25,9.75
20.25,10.5
20.25,11.25
20.25,12
20.25,12.75
20.25,13.5
20.25,14.25
20.25,15
20.25,15.75
20.25,16.5
20.25,17.25
20.25,18
20.25,18.75
20.25,19.5
20.25,20.25
20.25,21
20.25,21.75
20.25,22.5
20.25,23.25
20.25,24
20.25,24.75
20.25,25.5
20.25,26.25
20.25,27
20.25,27.75
20.25,28.5
20.25,29.25
20.25,30
21,-9.75
21,-9
21,-8.25
21,-7.5
21,-6.75
21,-6
21,-5.25
21,-4.5
21,-3.75
21,-3
21,-2.25
21,-1.5
21,-0.75
21,0
21,0.75
21,1.5
21,2.25
21,3
21,3.75
21,4.5
21,5.25
21,6
21,6.75
21,7.5
21,8.25
21,9
21,9.75
21,10.5
21,11.25
21,12
21,12.75
21,13.5
21,14.25
21,15
21,15.75
21,16.5
21,17.25
21,18
21,18.75
21,19.5
21,20.25
21,21
21,21.75
21,22.5
21,23.25
21,24
21,24.75
21,25.5
21,26.25
21,27
21,27.75
21,28.5
21,29.25
21,30
21.75,-9.75
21.75,-9
21.75,-8.25
21.75,-7.5
21.75,-6.75
21.75,-6
21.75,-5.25
21.75,-4.5
21.75,-3.75
21.75,-3
21.75,-2.25
21.75,-1.5
21.75,-0.75
21.75,0
21.75,0.75
21.75,1.5
21.75,2.25
21.75,3
21.75,3.75
21.75,4.5
21.75,5.25
21.75,6
21.75,6.75
21.75,7.5
21.75,8.25
21.75,9
21.75,9.75
21.75,10.5
21.75,11.25
21.75,12
21.75,12.75
21.75,13.5
21.75,14.25
21.75,15
21.75,15.75
21.75,16.5
21.75,17.25
21.75,18
21.75,18.75
21.75,19.5
21.75,20.25
21.75,21
21.75,21.75
21.75,22.5
21.75,23.25
21.75,24
21.75,24.75
21.75,25.5
21.75,26.25
21.75,27
21.75,27.75
21.75,28.5
21.75,29.25
21.75,30
22.5,-9.75
22.5,-9
22.5,-8.25
22.5,-7.5
22.5,-6.75
22.5,-6
22.5,-5.25
22.5,-4.5
22.5,-3.75
22.5,-3
22.5,-2.25
22.5,-1.5
22.5,-0.75
22.5,0
22.5,0.75
22.5,1.5
22.5,2.25
22.5,3
22.5,3.75
22.5,4.5
22.5,5.25
22.5,6
22.5,6.75
22.5,7.5
22.5,8.25
22.5,9
22.5,9.75
22.5,10.5
22.5,11.25
22.5,12
22.5,12.75
22.5,13.5
22.5,14.25
22.5,15
22.5,15.75
22.5,16.5
22.5,17.25
22.5,18
22.5,18.75
22.5,19.5
22.5,20.25
22.5,21
22.5,21.75
22.5,22.5
22.5,23.25
22.5,24
22.5,24.75
22.5,25.5
22.5,26.25
22.5,27
22.5,27.75
22.5,28.5
22.5,29.25
22.5,30
23.25,-9.75
23.25,-9
23.25,-8.25
23.25,-7.5
23.25,-6.75
23.25,-6
23.25,-5.25
23.25,-4.5
23.25,-3.75
23.25,-3
23.25,-2.25
23.25,-1.5
23.25,-0.75
23.25,0
23.25,0.75
23.25,1.5
23.25,2.25
23.25,3
23.25,3.75
23.25,4.5
23.25,5.25
23.25,6
23.25,6.75
23.25,7.5
23.25,8.25
23.25,9
23.25,9.75
23.25,10.5
23.25,11.25
23.25,12
23.25,12.75
23.25,13.5
23.25,14.25
23.25,15
23.25,15.75
23.25,16.5
23.25,17.25
23.25,18
23.25,18.75
23.25,19.5
23.25,20.25
23.25,21
23.25,21.75
23.25,22.5
23.25,23.25
23.25,24
23.25,24.75
23.25,25.5
23.25,26.25
23.25,27
23.25,27.75
23.25,28.5
23.25,29.25
23.25,30
24,-9.75
24,-9
24,-8.25
24,-7.5
24,-6.75
24,-6
24,-5.25
24,-4.5
24,-3.75
24,-3
24,-2.25
24,-1.5
24,-0.75
24,0
24,0.75
24,1.5
24,2.25
24,3
24,3.75
24,4.5
24,5.25
24,6
24,6.75
24,7.5
24,8.25
24,9
24,9.75
24,10.5
24,11.25
24,12
24,12.75
24,13.5
24,14.25
24,15
24,15.75
24,16.5
24,17.25
24,18
24,18.75
24,19.5
24,20.25
24,21
24,21.75
24,22.5
24,23.25
24,24
24,24.75
24,25.5
24,26.25
24,27
24,27.75
24,28.5
24,29.25
24,30
24.75,-9.75
24.75,-9
24.75,-8.25
24.75,-7.5
24.75,-6.75
24.75,-6
24.75,-5.25
24.75,-4.5
24.75,-3.75
24.75,-3
24.75,-2.25
24.75,-1.5
24.75,-0.75
24.75,0
24.75,0.75
24.75,1.5
24.75,2.25
24.75,3
24.75,3.75
24.75,4.5
24.75,5.25
24.75,6
24.75,6.75
24.75,7.5
24.75,8.25
24.75,9
24.75,9.75
24.75,10.5
24.75,11.25
24.75,12
24.75,12.75
24.75,13.5
24.75,14.25
24.75,15
24.75,15.75
24.75,16.5
24.75,17.25
24.75,18
24.75,18.75
24.75,19.5
24.75,20.25
24.75,21
24.75,21.75
24.75,22.5
24.75,23.25
24.75,24
24.75,24.75
24.75,25.5
24.75,26.25
24.75,27
24.75,27.75
24.75,28.5
24.75,29.25
24.75,30
25.5,-9.75
25.5,-9
25.5,-8.25
25.5,-7.5
25.5,-6.75
25.5,-6
25.5,-5.25
25.5,-4.5
25.5,-3.75
25.5,-3
25.5,-2.25
25.5,-1.5
25.5,-0.75
25.5,0
25.5,0.75
25.5,1.5
25.5,2.25
25.5,3
25.5,3.75
25.5,4.5
25.5,5.25
25.5,6
25.5,6.75
25.5,7.5
25.5,8.25
25.5,9
25.5,9.75
25.5,10.5
25.5,11.25
25.5,12
25.5,12.75
25.5,13.5
25.5,14.25
25.5,15
25.5,15.75
25.5,16.5
25.5,17.25
25.5,18
25.5,18.75
25.5,19.5
25.5,20.25
25.5,21
25.5,21.75
25.5,22.5
25.5,23.25
25.5,24
25.5,24.75
25.5,25.5
25.5,26.25
25.5,27
25.5,27.75
25.5,28.5
25.5,29.25
25.5,30
26.25,-9.75
26.25,-9
26.25,-8.25
26.25,-7.5
26.25,-6.75
26.25,-6
26.25,-5.25
26.25,-4.5
26.25,-3.75
26.25,-3
26.25,-2.25
26.25,-1.5
26.25,-0.75
26.25,0
26.25,0.75
26.25,1.5
26.25,2.25
26.25,3
26.25,3.75
26.25,4.5
26.25,5.25
26.25,6
26.25,6.75
26.25,7.5
26.25,8.25
26.25,9
26.25,9.75
26.25,10.5
26.25,11.25
26.25,12
26.25,12.75
26.25,13.5
26.25,14.25
26.25,15
26.25,15.75
26.25,16.5
26.25,17.25
26.25,18
26.25,18.75
26.25,19.5
26.25,20.25
26.25,21
26.25,21.75
26.25,22.5
26.25,23.25
26.25,24
26.25,24.75
26.25,25.5
26.25,26.25
26.25,27
26.25,27.75
26.25,28.5
26.25,29.25
26.25,30
27,-9.75
27,-9
27,-8.25
27,-7.5
27,-6.75
27,-6
27,-5.25
27,-4.5
27,-3.75
27,-3
27,-2.25
27,-1.5
27,-0.75
27,0
27,0.75
27,1.5
27,2.25
27,3
27,3.75
27,4.5
27,5.25
27,6
27,6.75
27,7.5
27,8.25
27,9
27,9.75
27,10.5
27,11.25
27,12
27,12.75
27,13.5
27,14.25
27,15
27,15.75
27,16.5
27,17.25
27,18
27,18.75
27,19.5
27,20.25
27,21
27,21.75
27,22.5
27,23.25
27,24
27,24.75
27,25.5
27,26.25
27,27
27,27.75
27,28.5
27,29.25
27,30
27.75,-9.75
27.75,-9
27.75,-8.25
27.75,-7.5
27.75,-6.75
27.75,-6
27.75,-5.25
27.75,-4.5
27.75,-3.75
27.75,-3
27.75,-2.25
27.75,-1.5
27.75,-0.75
27.75,0
27.75,0.75
27.75,1.5
27.75,2.25
27.75,3
27.75,3.75
27.75,4.5
27.75,5.25
27.75,6
27.75,6.75
27.75,7.5
27.75,8.25
27.75,9
27.75,9.75
27.75,10.5
27.75,11.25
27.75,12
27.75,12.75
27.75,13.5
27.75,14.25
27.75,15
27.75,15.75
27.75,16.5
27.75,17.25
27.75,18
27.75,18.75
27.75,19.5
27.75,20.25
27.75,21
27.75,21.75
27.75,22.5
27.75,23.25
27.75,24
27.75,24.75
27.75,25.5
27.75,26.25
27.75,27
27.75,27.75
27.75,28.5
27.75,29.25
27.75,30
28.5,-9.75
28.5,-9
28.5,-8.25
28.5,-7.5
28.5,-6.75
28.5,-6
28.5,-5.25
28.5,-4.5
28.5,-3.75
28.5,-3
28.5,-2.25
28.5,-1.5
28.5,-0.75
28.5,0
28.5,0.75
28.5,1.5
28.5,2.25
28.5,3
28.5,3.75
28.5,4.5
28.5,5.25
28.5,6
28.5,6.75
28.5,7.5
28.5,8.25
28.5,9
28.5,9.75
28.5,10.5
28.5,11.25
28.5,12
28.5,12.75
28.5,13.5
28.5,14.25
28.5,15
28.5,15.75
28.5,16.5
28.5,17.25
28.5,18
28.5,18.75
28.5,19.5
28.5,20.25
28.5,21
28.5,21.75
28.5,22.5
28.5,23.25
28.5,24
28.5,24.75
28.5,25.5
28.5,26.25
28.5,27
28.5,27.75
28.5,28.5
28.5,29.25
28.5,30
29.25,-9.75
29.25,-9
29.25,-8.25
29.25,-7.5
29.25,-6.75
29.25,-6
29.25,-5.25
29.25,-4.5
29.25,-3.75
29.25,-3
29.25,-2.25
29.25,-1.5
29.25,-0.75
29.25,0
29.25,0.75
29.25,1.5
29.25,2.25
29.25,3
29.25,3.75
29.25,4.5
29.25,5.25
29.25,6
29.25,6.75
29.25,7.5
29.25,8.25
29.25,9
29.25,9.75
29.25,10.5
29.25,11.25
29.25,12
29.25,12.75
29.25,13.5
29.25,14.25
29.25,15
29.25,15.75
29.25,16.5
29.25,17.25
29.25,18
29.25,18.75
29.25,19.5
29.25,20.25
29.25,21
29.25,21.75
29.25,22.5
29.25,23.25
29.25,24
29.25,24.75
29.25,25.5
29.25,26.25
29.25,27
29.25,27.75
29.25,28.5
29.25,29.25
29.25,30
30,-9.75
30,-9
30,-8.25
30,-7.5
30,-6.75
30,-6
30,-5.25
30,-4.5
30,-3.75
30,-3
30,-2.25
30,-1.5
30,-0.75
30,0
30,0.75
30,1.5
30,2.25
30,3
30,3.75
30,4.5
30,5.25
30,6
30,6.75
30,7.5
30,8.25
30,9
30,9.75
30,10.5
30,11.25
30,12
30,12.75
30,13.5
30,14.25
30,15
30,15.75
30,16.5
30,17.25
30,18
30,18.75
30,19.5
30,20.25
30,21
30,21.75
30,22.5
30,23.25
30,24
30,24.75
30,25.5
30,26.25
30,27
30,27.75
30,28.5
30,29.25
30,30
30.75,-9.75
30.75,-9
30.75,-8.25
30.75,-7.5
30.75,-6.75
30.75,-6
30.75,-5.25
30.75,-4.5
30.75,-3.75
30.75,-3
30.75,-2.25
30.75,-1.5
30.75,-0.75
30.75,0
30.75,0.75
30.75,1.5
30.75,2.25
30.75,3
30.75,3.75
30.75,4.5
30.75,5.25
30.75,6
30.75,6.75
30.75,7.5
30.75,8.25
30.75,9
30.75,9.75
30.75,10.5
30.75,11.25
30.75,12
30.75,12.75
30.75,13.5
30.75,14.25
30.75,15
30.75,15.75
30.75,16.5
30.75,17.25
30.75,18
30.75,18.75
30.75,19.5
30.75,20.25
30.75,21
30.75,21.75
30.75,22.5
30.75,23.25
30.75,24
30.75,24.75
30.75,25.5
30.75,26.25
30.75,27
30.75,27.75
30.75,28.5
30.75,29.25
30.75,30
31.5,-9.75
31.5,-9
31.5,-8.25
31.5,-7.5
31.5,-6.75
31.5,-6
31.5,-5.25
31.5,-4.5
31.5,-3.75
31.5,-3
31.5,-2.25
31.5,-1.5
31.5,-0.75
31.5,0
31.5,0.75
31.5,1.5
31.5,2.25
31.5,3
31.5,3.75
31.5,4.5
31.5,5.25
31.5,6
31.5,6.75
31.5,7.5
31.5,8.25
31.5,9
31.5,9.75
31.5,10.5
31.5,11.25
31.5,12
31.5,12.75
31.5,13.5
31.5,14.25
31.5,15
31.5,15.75
31.5,16.5
31.5,17.25
31.5,18
31.5,18.75
31.5,19.5
31.5,20.25
31.5,21
31.5,21.75
31.5,22.5
31.5,23.25
31.5,24
31.5,24.75
31.5,25.5
31.5,26.25
31.5,27
31.5,27.75
31.5,28.5
31.5,29.25
31.5,30
32.25,-9.75
32.25,-9
32.25,-8.25
32.25,-7.5
32.25,-6.75
32.25,-6
32.25,-5.25
32.25,-4.5
32.25,-3.75
32.25,-3
32.25,-2.25
32.25,-1.5
32.25,-0.75
32.25,0
32.25,0.75
32.25,1.5
32.25,2.25
32.25,3
32.25,3.75
32.25,4.5
32.25,5.25
32.25,6
32.25,6.75
32.25,7.5
32.25,8.25
32.25,9
32.25,9.75
32.25,10.5
32.25,11.25
32.25,12
32.25,12.75
32.25,13.5
32.25,14.25
32.25,15
32.25,15.75
32.25,16.5
32.25,17.25
32.25,18
32.25,18.75
32.25,19.5
32.25,20.25
32.25,21
32.25,21.75
32.25,22.5
32.25,23.25
32.25,24
32.25,24.75
32.25,25.5
32.25,26.25
32.25,27
32.25,27.75
32.25,28.5
32.25,29.25
32.25,30
33,-9.75
33,-9
33,-8.25
33,-7.5
33,-6.75
33,-6
33,-5.25
33,-4.5
33,-3.75
33,-3
33,-2.25
33,-1.5
33,-0.75
33,0
33,0.75
33,1.5
33,2.25
33,3
33,3.75
33,4.5
33,5.25
33,6
33,6.75
33,7.5
33,8.25
33,9
33,9.75
33,10.5
33,11.25
33,12
33,12.75
33,13.5
33,14.25
33,15
33,15.75
33,16.5
33,17.25
33,18
33,18.75
33,19.5
33,20.25
33,21
33,21.75
33,22.5
33,23.25
33,24
33,24.75
33,25.5
33,26.25
33,27
33,27.75
33,28.5
33,29.25
33,30
33.75,-9.75
33.75,-9
33.75,-8.25
33.75,-7.5
33.75,-6.75
33.75,-6
33.75,-5.25
33.75,-4.5
33.75,-3.75
33.75,-3
33.75,-2.25
33.75,-1.5
33.75,-0.75
33.75,0
33.75,0.75
33.75,1.5
33.75,2.25
33.75,3
33.75,3.75
33.75,4.5
33.75,5.25
33.75,6
33.75,6.75
33.75,7.5
33.75,8.25
33.75,9
33.75,9.75
33.75,10.5
33.75,11.25
33.75,12
33.75,12.75
33.75,13.5
33.75,14.25
33.75,15
33.75,15.75
33.75,16.5
33.75,17.25
33.75,18
33.75,18.75
33.75,19.5
33.75,20.25
33.75,21
33.75,21.75
33.75,22.5
33.75,23.25
33.75,24
33.75,24.75
33.75,25.5
33.75,26.25
33.75,27
33.75,27.75
33.75,28.5
33.75,29.25
33.75,30
34.5,-9.75
34.5,-9
34.5,-8.25
34.5,-7.5
34.5,-6.75
34.5,-6
34.5,-5.25
34.5,-4.5
34.5,-3.75
34.5,-3
34.5,-2.25
34.5,-1.5
34.5,-0.75
34.5,0
34.5,0.75
34.5,1.5
34.5,2.25
34.5,3
34.5,3.75
34.5,4.5
34.5,5.25
34.5,6
34.5,6.75
34.5,7.5
34.5,8.25
34.5,9
34.5,9.75
34.5,10.5
34.5,11.25
34.5,12
34.5,12.75
34.5,13.5
34.5,14.25
34.5,15
34.5,15.75
34.5,16.5
34.5,17.25
34.5,18
34.5,18.75
34.5,19.5
34.5,20.25
34.5,21
34.5,21.75
34.5,22.5
34.5,23.25
34.5,24
34.5,24.75
34.5,25.5
34.5,26.25
34.5,27
34.5,27.75
34.5,28.5
34.5,29.25
34.5,30
35.25,-9.75
35.25,-9
35.25,-8.25
35.25,-7.5
35.25,-6.75
35.25,-6
35.25,-5.25
35.25,-4.5
35.25,-3.75
35.25,-3
35.25,-2.25
35.25,-1.5
35.25,-0.75
35.25,0
35.25,0.75
35.25,1.5
35.25,2.25
35.25,3
35.25,3.75
35.25,4.5
35.25,5.25
35.25,6
35.25,6.75
35.25,7.5
35.25,8.25
35.25,9
35.25,9.75
35.25,10.5
35.25,11.25
35.25,12
35.25,12.75
35.25,13.5
35.25,14.25
35.25,15
35.25,15.75
35.25,16.5
35.25,17.25
35.25,18
35.25,18.75
35.25,19.5
35.25,20.25
35.25,21
35.25,21.75
35.25,22.5
35.25,23.25
35.25,24
35.25,24.75
35.25,25.5
35.25,26.25
35.25,27
35.25,27.75
35.25,28.5
35.25,29.25
35.25,30
36,-9.75
36,-9
36,-8.25
36,-7.5
36,-6.75
36,-6
36,-5.25
36,-4.5
36,-3.75
36,-3
36,-2.25
36,-1.5
36,-0.75
36,0
36,0.75
36,1.5
36,2.25
36,3
36,3.75
36,4.5
36,5.25
36,6
36,6.75
36,7.5
36,8.25
36,9
36,9.75
36,10.5
36,11.25
36,12
36,12.75
36,13.5
36,14.25
36,15
36,15.75
36,16.5
36,17.25
36,18
36,18.75
36,19.5
36,20.25
36,21
36,21.75
36,22.5
36,23.25
36,24
36,24.75
36,25.5
36,26.25
36,27
36,27.75
36,28.5
36,29.25
36,30
36.75,-9.75
36.75,-9
36.75,-8.25
36.75,-7.5
36.75,-6.75
36.75,-6
36.75,-5.25
36.75,-4.5
36.75,-3.75
36.75,-3
36.75,-2.25
36.75,-1.5
36.75,-0.75
36.75,0
36.75,0.75
36.75,1.5
36.75,2.25
36.75,3
36.75,3.75
36.75,4.5
36.75,5.25
36.75,6
36.75,6.75
36.75,7.5
36.75,8.25
36.75,9
36.75,9.75
36.75,10.5
36.75,11.25
36.75,12
36.75,12.75
36.75,13.5
36.75,14.25
36.75,15
36.75,15.75
36.75,16.5
36.75,17.25
36.75,18
36.75,18.75
36.75,19.5
36.75,20.25
36.75,21
36.75,21.75
36.75,22.5
36.75,23.25
36.75,24
36.75,24.75
36.75,25.5
36.75,26.25
36.75,27
36.75,27.75
36.75,28.5
36.75,29.25
36.75,30
37.5,-9.75
37.5,-9
37.5,-8.25
37.5,-7.5
37.5,-6.75
37.5,-6
37.5,-5.25
37.5,-4.5
37.5,-3.75
37.5,-3
37.5,-2.25
37.5,-1.5
37.5,-0.75
37.5,0
37.5,0.75
37.5,1.5
37.5,2.25
37.5,3
37.5,3.75
37.5,4.5
37.5,5.25
37.5,6
37.5,6.75
37.5,7.5
37.5,8.25
37.5,9
37.5,9.75
37.5,10.5
37.5,11.25
37.5,12
37.5,12.75
37.5,13.5
37.5,14.25
37.5,15
37.5,15.75
37.5,16.5
37.5,17.25
37.5,18
37.5,18.75
37.5,19.5
37.5,20.25
37.5,21
37.5,21.75
37.5,22.5
37.5,23.25
37.5,24
37.5,24.75
37.5,25.5
37.5,26.25
37.5,27
37.5,27.75
37.5,28.5
37.5,29.25
37.5,30
38.25,-9.75
38.25,-9
38.25,-8.25
38.25,-7.5
38.25,-6.75
38.25,-6
38.25,-5.25
38.25,-4.5
38.25,-3.75
38.25,-3
38.25,-2.25
38.25,-1.5
38.25,-0.75
38.25,0
38.25,0.75
38.25,1.5
38.25,2.25
38.25,3
38.25,3.75
38.25,4.5
38.25,5.25
38.25,6
38.25,6.75
38.25,7.5
38.25,8.25
38.25,9
38.25,9.75
38.25,10.5
38.25,11.25
38.25,12
38.25,12.75
38.25,13.5
38.25,14.25
38.25,15
38.25,15.75
38.25,16.5
38.25,17.25
38.25,18
38.25,18.75
38.25,19.5
38.25,20.25
38.25,21
38.25,21.75
38.25,22.5
38.25,23.25
38.25,24
38.25,24.75
38.25,25.5
38.25,26.25
38.25,27
38.25,27.75
38.25,28.5
38.25,29.25
38.25,30
39,-9.75
39,-9
39,-8.25
39,-7.5
39,-6.75
39,-6
39,-5.25
39,-4.5
39,-3.75
39,-3
39,-2.25
39,-1.5
39,-0.75
39,0
39,0.75
39,1.5
39,2.25
39,3
39,3.75
39,4.5
39,5.25
39,6
39,6.75
39,7.5
39,8.25
39,9
39,9.75
39,10.5
39,11.25
39,12
39,12.75
39,13.5
39,14.25
39,15
39,15.75
39,16.5
39,17.25
39,18
39,18.75
39,19.5
39,20.25
39,21
39,21.75
39,22.5
39,23.25
39,24
39,24.75
39,25.5
39,26.25
39,27
39,27.75
39,28.5
39,29.25
39,30
39.75,-9.75
39.75,-9
39.75,-8.25
39.75,-7.5
39.75,-6.75
39.75,-6
39.75,-5.25
39.75,-4.5
39.75,-3.75
39.75,-3
39.75,-2.25
39.75,-1.5
39.75,-0.75
39.75,0
39.75,0.75
39.75,1.5
39.75,2.25
39.75,3
39.75,3.75
39.75,4.5
39.75,5.25
39.75,6
39.75,6.75
39.75,7.5
39.75,8.25
39.75,9
39.75,9.75
39.75,10.5
39.75,11.25
39.75,12
39.75,12.75
39.75,13.5
39.75,14.25
39.75,15
39.75,15.75
39.75,16.5
39.75,17.25
39.75,18
39.75,18.75
39.75,19.5
39.75,20.25
39.75,21
39.75,21.75
39.75,22.5
39.75,23.25
39.75,24
39.75,24.75
39.75,25.5
39.75,26.25
39.75,27
39.75,27.75
39.75,28.5
39.75,29.25
39.75,30
40.5,-9.75
40.5,-9
40.5,-8.25
40.5,-7.5
40.5,-6.75
40.5,-6
40.5,-5.25
40.5,-4.5
40.5,-3.75
40.5,-3
40.5,-2.25
40.5,-1.5
40.5,-0.75
40.5,0
40.5,0.75
40.5,1.5
40.5,2.25
40.5,3
40.5,3.75
40.5,4.5
40.5,5.25
40.5,6
40.5,6.75
40.5,7.5
40.5,8.25
40.5,9
40.5,9.75
40.5,10.5
40.5,11.25
40.5,12
40.5,12.75
40.5,13.5
40.5,14.25
40.5,15
40.5,15.75
40.5,16.5
40.5,17.25
40.5,18
40.5,18.75
40.5,19.5
40.5,20.25
40.5,21
40.5,21.75
40.5,22.5
40.5,23.25
40.5,24
40.5,24.75
40.5,25.5
40.5,26.25
40.5,27
40.5,27.75
40.5,28.5
40.5,29.25
40.5,30
41.25,-9.75
41.25,-9
41.25,-8.25
41.25,-7.5
41.25,-6.75
41.25,-6
41.25,-5.25
41.25,-4.5
41.25,-3.75
41.25,-3
41.25,-2.25
41.25,-1.5
41.25,-0.75
41.25,0
41.25,0.75
41.25,1.5
41.25,2.25
41.25,3
41.25,3.75
41.25,4.5
41.25,5.25
41.25,6
41.25,6.75
41.25,7.5
41.25,8.25
41.25,9
41.25,9.75
41.25,10.5
41.25,11.25
41.25,12
41.25,12.75
41.25,13.5
41.25,14.25
41.25,15
41.25,15.75
41.25,16.5
41.25,17.25
41.25,18
41.25,18.75
41.25,19.5
41.25,20.25
41.25,21
41.25,21.75
41.25,22.5
41.25,23.25
41.25,24
41.25,24.75
41.25,25.5
41.25,26.25
41.25,27
41.25,27.75
41.25,28.5
41.25,29.25
41.25,30
42,-9.75
42,-9
42,-8.25
42,-7.5
42,-6.75
42,-6
42,-5.25
42,-4.5
42,-3.75
42,-3
42,-2.25
42,-1.5
42,-0.75
42,0
42,0.75
42,1.5
42,2.25
42,3
42,3.75
42,4.5
42,5.25
42,6
42,6.75
42,7.5
42,8.25
42,9
42,9.75
42,10.5
42,11.25
42,12
42,12.75
42,13.5
42,14.25
42,15
42,15.75
42,16.5
42,17.25
42,18
42,18.75
42,19.5
42,20.25
42,21
42,21.75
42,22.5
42,23.25
42,24
42,24.75
42,25.5
42,26.25
42,27
42,27.75
42,28.5
42,29.25
42,30
42.75,-9.75
42.75,-9
42.75,-8.25
42.75,-7.5
42.75,-6.75
42.75,-6
42.75,-5.25
42.75,-4.5
42.75,-3.75
42.75,-3
42.75,-2.25
42.75,-1.5
42.75,-0.75
42.75,0
42.75,0.75
42.75,1.5
42.75,2.25
42.75,3
42.75,3.75
42.75,4.5
42.75,5.25
42.75,6
42.75,6.75
42.75,7.5
42.75,8.25
42.75,9
42.75,9.75
42.75,10.5
42.75,11.25
42.75,12
42.75,12.75
42.75,13.5
42.75,14.25
42.75,15
42.75,15.75
42.75,16.5
42.75,17.25
42.75,18
42.75,18.75
42.75,19.5
42.75,20.25
42.75,21
42.75,21.75
42.75,22.5
42.75,23.25
42.75,24
42.75,24.75
42.75,25.5
42.75,26.25
42.75,27
42.75,27.75
42.75,28.5
42.75,29.25
42.75,30
43.5,-9.75
43.5,-9
43.5,-8.25
43.5,-7.5
43.5,-6.75
43.5,-6
43.5,-5.25
43.5,-4.5
43.5,-3.75
43.5,-3
43.5,-2.25
43.5,-1.5
43.5,-0.75
43.5,0
43.5,0.75
43.5,1.5
43.5,2.25
43.5,3
43.5,3.75
43.5,4.5
43.5,5.25
43.5,6
43.5,6.75
43.5,7.5
43.5,8.25
43.5,9
43.5,9.75
43.5,10.5
43.5,11.25
43.5,12
43.5,12.75
43.5,13.5
43.5,14.25
43.5,15
43.5,15.75
43.5,16.5
43.5,17.25
43.5,18
43.5,18.75
43.5,19.5
43.5,20.25
43.5,21
43.5,21.75
43.5,22.5
43.5,23.25
43.5,24
43.5,24.75
43.5,25.5
43.5,26.25
43.5,27
43.5,27.75
43.5,28.5
43.5,29.25
43.5,30
44.25,-9.75
44.25,-9
44.25,-8.25
44.25,-7.5
44.25,-6.75
44.25,-6
44.25,-5.25
44.25,-4.5
44.25,-3.75
44.25,-3
44.25,-2.25
44.25,-1.5
44.25,-0.75
44.25,0
44.25,0.75
44.25,1.5
44.25,2.25
44.25,3
44.25,3.75
44.25,4.5
44.25,5.25
44.25,6
44.25,6.75
44.25,7.5
44.25,8.25
44.25,9
44.25,9.75
44.25,10.5
44.25,11.25
44.25,12
44.25,12.75
44.25,13.5
44.25,14.25
44.25,15
44.25,15.75
44.25,16.5
44.25,17.25
44.25,18
44.25,18.75
44.25,19.5
44.25,20.25
44.25,21
44.25,21.75
44.25,22.5
44.25,23.25
44.25,24
44.25,24.75
44.25,25.5
44.25,26.25
44.25,27
44.25,27.75
44.25,28.5
44.25,29.25
44.25,30
45,-9.75
45,-9
45,-8.25
45,-7.5
45,-6.75
45,-6
45,-5.25
45,-4.5
45,-3.75
45,-3
45,-2.25
45,-1.5
45,-0.75
45,0
45,0.75
45,1.5
45,2.25
45,3
45,3.75
45,4.5
45,5.25
45,6
45,6.75
45,7.5
45,8.25
45,9
45,9.75
45,10.5
45,11.25
45,12
45,12.75
45,13.5
45,14.25
45,15
45,15.75
45,16.5
45,17.25
45,18
45,18.75
45,19.5
45,20.25
45,21
45,21.75
45,22.5
45,23.25
45,24
45,24.75
45,25.5
45,26.25
45,27
45,27.75
45,28.5
45,29.25
45,30
45.75,-9.75
45.75,-9
45.75,-8.25
45.75,-7.5
45.75,-6.75
45.75,-6
45.75,-5.25
45.75,-4.5
45.75,-3.75
45.75,-3
45.75,-2.25
45.75,-1.5
45.75,-0.75
45.75,0
45.75,0.75
45.75,1.5
45.75,2.25
45.75,3
45.75,3.75
45.75,4.5
45.75,5.25
45.75,6
45.75,6.75
45.75,7.5
45.75,8.25
45.75,9
45.75,9.75
45.75,10.5
45.75,11.25
45.75,12
45.75,12.75
45.75,13.5
45.75,14.25
45.75,15
45.75,15.75
45.75,16.5
45.75,17.25
45.75,18
45.75,18.75
45.75,19.5
45.75,20.25
45.75,21
45.75,21.75
45.75,22.5
45.75,23.25
45.75,24
45.75,24.75
45.75,25.5
45.75,26.25
45.75,27
45.75,27.75
45.75,28.5
45.75,29.25
45.75,30
46.5,-9.75
46.5,-9
46.5,-8.25
46.5,-7.5
46.5,-6.75
46.5,-6
46.5,-5.25
46.5,-4.5
46.5,-3.75
46.5,-3
46.5,-2.25
46.5,-1.5
46.5,-0.75
46.5,0
46.5,0.75
46.5,1.5
46.5,2.25
46.5,3
46.5,3.75
46.5,4.5
46.5,5.25
46.5,6
46.5,6.75
46.5,7.5
46.5,8.25
46.5,9
46.5,9.75
46.5,10.5
46.5,11.25
46.5,12
46.5,12.75
46.5,13.5
46.5,14.25
46.5,15
46.5,15.75
46.5,16.5
46.5,17.25
46.5,18
46.5,18.75
46.5,19.5
46.5,20.25
46.5,21
46.5,21.75
46.5,22.5
46.5,23.25
46.5,24
46.5,24.75
46.5,25.5
46.5,26.25
46.5,27
46.5,27.75
46.5,28.5
46.5,29.25
46.5,30
47.25,-9.75
47.25,-9
47.25,-8.25
47.25,-7.5
47.25,-6.75
47.25,-6
47.25,-5.25
47.25,-4.5
47.25,-3.75
47.25,-3
47.25,-2.25
47.25,-1.5
47.25,-0.75
47.25,0
47.25,0.75
47.25,1.5
47.25,2.25
47.25,3
47.25,3.75
47.25,4.5
47.25,5.25
47.25,6
47.25,6.75
47.25,7.5
47.25,8.25
47.25,9
47.25,9.75
47.25,10.5
47.25,11.25
47.25,12
47.25,12.75
47.25,13.5
47.25,14.25
47.25,15
47.25,15.75
47.25,16.5
47.25,17.25
47.25,18
47.25,18.75
47.25,19.5
47.25,20.25
47.25,21
47.25,21.75
47.25,22.5
47.25,23.25
47.25,24
47.25,24.75
47.25,25.5
47.25,26.25
47.25,27
47.25,27.75
47.25,28.5
47.25,29.25
47.25,30
48,-9.75
48,-9
48,-8.25
48,-7.5
48,-6.75
48,-6
48,-5.25
48,-4.5
48,-3.75
48,-3
48,-2.25
48,-1.5
48,-0.75
48,0
48,0.75
48,1.5
48,2.25
48,3
48,3.75
48,4.5
48,5.25
48,6
48,6.75
48,7.5
48,8.25
48,9
48,9.75
48,10.5
48,11.25
48,12
48,12.75
48,13.5
48,14.25
48,15
48,15.75
48,16.5
48,17.25
48,18
48,18.75
48,19.5
48,20.25
48,21
48,21.75
48,22.5
48,23.25
48,24
48,24.75
48,25.5
48,26.25
48,27
48,27.75
48,28.5
48,29.25
48,30
48.75,-9.75
48.75,-9
48.75,-8.25
48.75,-7.5
48.75,-6.75
48.75,-6
48.75,-5.25
48.75,-4.5
48.75,-3.75
48.75,-3
48.75,-2.25
48.75,-1.5
48.75,-0.75
48.75,0
48.75,0.75
48.75,1.5
48.75,2.25
48.75,3
48.75,3.75
48.75,4.5
48.75,5.25
48.75,6
48.75,6.75
48.75,7.5
48.75,8.25
48.75,9
48.75,9.75
48.75,10.5
48.75,11.25
48.75,12
48.75,12.75
48.75,13.5
48.75,14.25
48.75,15
48.75,15.75
48.75,16.5
48.75,17.25
48.75,18
48.75,18.75
48.75,19.5
48.75,20.25
48.75,21
48.75,21.75
48.75,22.5
48.75,23.25
48.75,24
48.75,24.75
48.75,25.5
48.75,26.25
48.75,27
48.75,27.75
48.75,28.5
48.75,29.25
48.75,30
49.5,-9.75
49.5,-9
49.5,-8.25
49.5,-7.5
49.5,-6.75
49.5,-6
49.5,-5.25
49.5,-4.5
49.5,-3.75
49.5,-3
49.5,-2.25
49.5,-1.5
49.5,-0.75
49.5,0
49.5,0.75
49.5,1.5
49.5,2.25
49.5,3
49.5,3.75
49.5,4.5
49.5,5.25
49.5,6
49.5,6.75
49.5,7.5
49.5,8.25
49.5,9
49.5,9.75
49.5,10.5
49.5,11.25
49.5,12
49.5,12.75
49.5,13.5
49.5,14.25
49.5,15
49.5,15.75
49.5,16.5
49.5,17.25
49.5,18
49.5,18.75
49.5,19.5
49.5,20.25
49.5,21
49.5,21.75
49.5,22.5
49.5,23.25
49.5,24
49.5,24.75
49.5,25.5
49.5,26.25
49.5,27
49.5,27.75
49.5,28.5
49.5,29.25
49.5,30
