"Twilight","Rise","Deleted","Marker","Inserted","Twilight3","Marker3"
2016-07-15 19:43:53,FALSE,FALSE,0,FALSE,2016-07-15 19:43:53,0
2016-07-16 03:31:06,TRUE,FALSE,0,FALSE,2016-07-16 03:31:06,0
2016-07-16 19:38:53,FALSE,FALSE,0,FALSE,2016-07-16 19:38:53,0
2016-07-17 03:21:06,TRUE,FALSE,0,FALSE,2016-07-17 03:21:06,0
2016-07-17 19:43:53,FALSE,FALSE,0,FALSE,2016-07-17 19:43:53,0
2016-07-18 03:31:06,TRUE,FALSE,0,FALSE,2016-07-18 03:31:06,0
2016-07-18 19:38:53,FALSE,FALSE,0,FALSE,2016-07-18 19:38:53,0
2016-07-19 03:26:06,TRUE,FALSE,0,FALSE,2016-07-19 03:26:06,0
2016-07-19 19:43:53,FALSE,FALSE,0,FALSE,2016-07-19 19:43:53,0
2016-07-20 03:36:06,TRUE,FALSE,0,FALSE,2016-07-20 03:36:06,0
2016-07-20 19:28:53,FALSE,FALSE,0,FALSE,2016-07-20 19:28:53,0
2016-07-21 03:41:06,TRUE,FALSE,0,FALSE,2016-07-21 03:41:06,0
2016-07-21 19:23:53,FALSE,FALSE,0,FALSE,2016-07-21 19:23:53,0
2016-07-22 03:56:06,TRUE,FALSE,0,FALSE,2016-07-22 03:56:06,0
2016-07-22 19:18:53,FALSE,FALSE,0,FALSE,2016-07-22 19:18:53,0
2016-07-23 03:46:06,TRUE,FALSE,0,FALSE,2016-07-23 03:46:06,0
2016-07-23 19:28:53,FALSE,FALSE,0,FALSE,2016-07-23 19:28:53,0
2016-07-24 03:36:06,TRUE,FALSE,0,FALSE,2016-07-24 03:36:06,0
2016-07-24 19:28:53,FALSE,FALSE,0,FALSE,2016-07-24 19:28:53,0
2016-07-25 03:41:06,TRUE,FALSE,0,FALSE,2016-07-25 03:41:06,0
2016-07-25 19:23:53,FALSE,FALSE,0,FALSE,2016-07-25 19:23:53,0
2016-07-26 03:41:06,TRUE,FALSE,0,FALSE,2016-07-26 03:41:06,0
2016-07-26 19:23:53,FALSE,FALSE,0,FALSE,2016-07-26 19:23:53,0
2016-07-27 03:46:06,TRUE,FALSE,0,FALSE,2016-07-27 03:46:06,0
2016-07-27 19:18:53,FALSE,FALSE,0,FALSE,2016-07-27 19:18:53,0
2016-07-28 03:46:06,TRUE,FALSE,0,FALSE,2016-07-28 03:46:06,0
2016-07-28 19:23:53,FALSE,FALSE,0,FALSE,2016-07-28 19:23:53,0
2016-07-29 03:56:06,TRUE,FALSE,0,FALSE,2016-07-29 03:56:06,0
2016-07-29 19:23:53,FALSE,FALSE,0,FALSE,2016-07-29 19:23:53,0
2016-07-30 03:51:06,TRUE,FALSE,0,FALSE,2016-07-30 03:51:06,0
2016-07-30 19:03:53,FALSE,FALSE,0,FALSE,2016-07-30 19:03:53,0
2016-07-31 04:01:06,TRUE,FALSE,0,FALSE,2016-07-31 04:01:06,0
2016-07-31 19:13:53,FALSE,FALSE,0,FALSE,2016-07-31 19:13:53,0
2016-08-01 03:51:06,TRUE,FALSE,0,FALSE,2016-08-01 03:51:06,0
2016-08-01 19:08:53,FALSE,FALSE,0,FALSE,2016-08-01 19:08:53,0
2016-08-02 03:56:06,TRUE,FALSE,0,FALSE,2016-08-02 03:56:06,0
2016-08-02 19:08:53,FALSE,FALSE,0,FALSE,2016-08-02 19:08:53,0
2016-08-03 03:51:06,TRUE,FALSE,0,FALSE,2016-08-03 03:51:06,0
2016-08-03 19:03:53,FALSE,FALSE,0,FALSE,2016-08-03 19:03:53,0
2016-08-04 04:01:06,TRUE,FALSE,0,FALSE,2016-08-04 04:01:06,0
2016-08-04 18:58:53,FALSE,FALSE,0,FALSE,2016-08-04 18:58:53,0
2016-08-05 04:21:06,TRUE,FALSE,0,FALSE,2016-08-05 04:21:06,0
2016-08-05 19:03:53,FALSE,FALSE,0,FALSE,2016-08-05 19:03:53,0
2016-08-06 04:01:06,TRUE,FALSE,0,FALSE,2016-08-06 04:01:06,0
2016-08-06 19:13:53,FALSE,FALSE,0,FALSE,2016-08-06 19:13:53,0
2016-08-07 04:01:06,TRUE,FALSE,0,FALSE,2016-08-07 04:01:06,0
2016-08-07 19:08:53,FALSE,FALSE,0,FALSE,2016-08-07 19:08:53,0
2016-08-08 04:01:06,TRUE,FALSE,0,FALSE,2016-08-08 04:01:06,0
2016-08-08 19:08:53,FALSE,FALSE,0,FALSE,2016-08-08 19:08:53,0
2016-08-09 04:16:06,TRUE,FALSE,0,FALSE,2016-08-09 04:16:06,0
2016-08-09 18:38:57,FALSE,FALSE,0,FALSE,2016-08-09 18:38:57,0
2016-08-10 04:16:06,TRUE,FALSE,0,FALSE,2016-08-10 04:16:06,0
2016-08-10 18:53:53,FALSE,FALSE,0,FALSE,2016-08-10 18:53:53,0
2016-08-11 04:06:06,TRUE,FALSE,0,FALSE,2016-08-11 04:06:06,0
2016-08-11 19:03:53,FALSE,FALSE,0,FALSE,2016-08-11 19:03:53,0
2016-08-12 03:56:06,TRUE,FALSE,0,FALSE,2016-08-12 03:56:06,0
2016-08-12 18:38:53,FALSE,FALSE,0,FALSE,2016-08-12 18:38:53,0
2016-08-13 03:56:06,TRUE,FALSE,0,FALSE,2016-08-13 03:56:06,0
2016-08-13 18:33:53,FALSE,FALSE,0,FALSE,2016-08-13 18:33:53,0
2016-08-14 04:01:06,TRUE,FALSE,0,FALSE,2016-08-14 04:01:06,0
2016-08-14 18:38:53,FALSE,FALSE,0,FALSE,2016-08-14 18:38:53,0
2016-08-15 04:11:06,TRUE,FALSE,0,FALSE,2016-08-15 04:11:06,0
2016-08-15 18:33:53,FALSE,FALSE,0,FALSE,2016-08-15 18:33:53,0
2016-08-16 04:01:06,TRUE,FALSE,0,FALSE,2016-08-16 04:01:06,0
2016-08-16 18:33:57,FALSE,FALSE,0,FALSE,2016-08-16 18:33:57,0
2016-08-17 04:06:06,TRUE,FALSE,0,FALSE,2016-08-17 04:06:06,0
2016-08-17 18:33:53,FALSE,FALSE,0,FALSE,2016-08-17 18:33:53,0
2016-08-18 04:16:06,TRUE,FALSE,0,FALSE,2016-08-18 04:16:06,0
2016-08-18 18:33:53,FALSE,FALSE,0,FALSE,2016-08-18 18:33:53,0
2016-08-19 04:21:06,TRUE,FALSE,0,FALSE,2016-08-19 04:21:06,0
2016-08-19 18:28:53,FALSE,FALSE,0,FALSE,2016-08-19 18:28:53,0
2016-08-20 04:06:06,TRUE,FALSE,0,FALSE,2016-08-20 04:06:06,0
2016-08-20 18:28:53,FALSE,FALSE,0,FALSE,2016-08-20 18:28:53,0
2016-08-21 04:16:06,TRUE,FALSE,0,FALSE,2016-08-21 04:16:06,0
2016-08-21 18:33:53,FALSE,FALSE,0,FALSE,2016-08-21 18:33:53,0
2016-08-22 04:11:06,TRUE,FALSE,0,FALSE,2016-08-22 04:11:06,0
2016-08-22 18:33:53,FALSE,FALSE,0,FALSE,2016-08-22 18:33:53,0
2016-08-23 04:46:06,TRUE,FALSE,0,FALSE,2016-08-23 04:46:06,0
2016-08-23 18:18:53,FALSE,FALSE,0,FALSE,2016-08-23 18:18:53,0
2016-08-24 04:36:02,TRUE,FALSE,0,FALSE,2016-08-24 04:36:02,0
2016-08-24 18:13:57,FALSE,FALSE,0,FALSE,2016-08-24 18:13:57,0
2016-08-25 04:36:06,TRUE,FALSE,0,FALSE,2016-08-25 04:36:06,0
2016-08-25 18:13:53,FALSE,FALSE,0,FALSE,2016-08-25 18:13:53,0
2016-08-26 04:36:06,TRUE,FALSE,0,FALSE,2016-08-26 04:36:06,0
2016-08-26 18:13:57,FALSE,FALSE,0,FALSE,2016-08-26 18:13:57,0
2016-08-27 04:36:06,TRUE,FALSE,0,FALSE,2016-08-27 04:36:06,0
2016-08-27 18:13:53,FALSE,FALSE,0,FALSE,2016-08-27 18:13:53,0
2016-08-28 04:36:06,TRUE,FALSE,0,FALSE,2016-08-28 04:36:06,0
2016-08-28 18:08:53,FALSE,FALSE,0,FALSE,2016-08-28 18:08:53,0
2016-08-29 04:36:02,TRUE,FALSE,0,FALSE,2016-08-29 04:36:02,0
2016-08-29 18:08:53,FALSE,FALSE,0,FALSE,2016-08-29 18:08:53,0
2016-08-30 04:41:06,TRUE,FALSE,0,FALSE,2016-08-30 04:41:06,0
2016-08-30 17:58:53,FALSE,FALSE,0,FALSE,2016-08-30 17:58:53,0
2016-08-31 04:46:06,TRUE,FALSE,0,FALSE,2016-08-31 04:46:06,0
2016-08-31 17:58:53,FALSE,FALSE,0,FALSE,2016-08-31 17:58:53,0
2016-09-01 04:41:06,TRUE,FALSE,0,FALSE,2016-09-01 04:41:06,0
2016-09-01 17:53:53,FALSE,FALSE,0,FALSE,2016-09-01 17:53:53,0
2016-09-02 04:46:02,TRUE,FALSE,0,FALSE,2016-09-02 04:46:02,0
2016-09-02 18:03:53,FALSE,FALSE,0,FALSE,2016-09-02 18:03:53,0
2016-09-03 04:41:06,TRUE,FALSE,0,FALSE,2016-09-03 04:41:06,0
2016-09-03 17:58:53,FALSE,FALSE,0,FALSE,2016-09-03 17:58:53,0
2016-09-04 04:46:06,TRUE,FALSE,0,FALSE,2016-09-04 04:46:06,0
2016-09-04 17:58:53,FALSE,FALSE,0,FALSE,2016-09-04 17:58:53,0
2016-09-05 04:41:02,TRUE,FALSE,0,FALSE,2016-09-05 04:41:02,0
2016-09-05 17:53:53,FALSE,FALSE,0,FALSE,2016-09-05 17:53:53,0
2016-09-06 04:46:06,TRUE,FALSE,0,FALSE,2016-09-06 04:46:06,0
2016-09-06 17:53:57,FALSE,FALSE,0,FALSE,2016-09-06 17:53:57,0
2016-09-07 04:51:02,TRUE,FALSE,0,FALSE,2016-09-07 04:51:02,0
2016-09-07 17:58:53,FALSE,FALSE,0,FALSE,2016-09-07 17:58:53,0
2016-09-08 04:46:06,TRUE,FALSE,0,FALSE,2016-09-08 04:46:06,0
2016-09-08 17:53:53,FALSE,FALSE,0,FALSE,2016-09-08 17:53:53,0
2016-09-09 04:46:06,TRUE,FALSE,0,FALSE,2016-09-09 04:46:06,0
2016-09-09 17:33:53,FALSE,FALSE,0,FALSE,2016-09-09 17:33:53,0
2016-09-10 05:05:59,TRUE,FALSE,0,FALSE,2016-09-10 05:05:59,0
2016-09-10 17:58:53,FALSE,FALSE,0,FALSE,2016-09-10 17:58:53,0
2016-09-11 05:45:56,TRUE,FALSE,0,FALSE,2016-09-11 05:45:56,0
2016-09-11 18:04:00,FALSE,FALSE,0,FALSE,2016-09-11 18:04:00,0
2016-09-12 05:21:06,TRUE,FALSE,0,FALSE,2016-09-12 05:21:06,0
2016-09-12 18:03:59,FALSE,FALSE,0,FALSE,2016-09-12 18:03:59,0
2016-09-13 05:21:06,TRUE,FALSE,0,FALSE,2016-09-13 05:21:06,0
2016-09-13 17:53:53,FALSE,FALSE,0,FALSE,2016-09-13 17:53:53,0
2016-09-14 05:16:06,TRUE,FALSE,0,FALSE,2016-09-14 05:16:06,0
2016-09-14 18:03:53,FALSE,FALSE,0,FALSE,2016-09-14 18:03:53,0
2016-09-15 05:25:58,TRUE,FALSE,0,FALSE,2016-09-15 05:25:58,0
2016-09-15 17:58:53,FALSE,FALSE,0,FALSE,2016-09-15 17:58:53,0
2016-09-16 05:30:59,TRUE,FALSE,0,FALSE,2016-09-16 05:30:59,0
2016-09-16 18:03:53,FALSE,FALSE,0,FALSE,2016-09-16 18:03:53,0
2016-09-17 05:21:02,TRUE,FALSE,0,FALSE,2016-09-17 05:21:02,0
2016-09-17 18:03:57,FALSE,FALSE,0,FALSE,2016-09-17 18:03:57,0
2016-09-18 05:20:53,TRUE,FALSE,0,FALSE,2016-09-18 05:20:53,0
2016-09-18 17:58:53,FALSE,FALSE,0,FALSE,2016-09-18 17:58:53,0
2016-09-19 05:16:06,TRUE,FALSE,0,FALSE,2016-09-19 05:16:06,0
2016-09-19 17:43:53,FALSE,FALSE,0,FALSE,2016-09-19 17:43:53,0
2016-09-20 05:11:00,TRUE,FALSE,0,FALSE,2016-09-20 05:11:00,0
2016-09-20 17:54:07,FALSE,FALSE,0,FALSE,2016-09-20 17:54:07,0
2016-09-21 05:31:06,TRUE,FALSE,0,FALSE,2016-09-21 05:31:06,0
2016-09-21 18:08:53,FALSE,FALSE,0,FALSE,2016-09-21 18:08:53,0
2016-09-22 05:40:59,TRUE,FALSE,0,FALSE,2016-09-22 05:40:59,0
2016-09-22 17:43:53,FALSE,FALSE,0,FALSE,2016-09-22 17:43:53,0
2016-09-23 05:31:06,TRUE,FALSE,0,FALSE,2016-09-23 05:31:06,0
2016-09-23 18:03:53,FALSE,FALSE,0,FALSE,2016-09-23 18:03:53,0
2016-09-24 05:31:06,TRUE,FALSE,0,FALSE,2016-09-24 05:31:06,0
2016-09-24 18:03:53,FALSE,FALSE,0,FALSE,2016-09-24 18:03:53,0
2016-09-25 06:06:06,TRUE,FALSE,0,FALSE,2016-09-25 06:06:06,0
2016-09-25 17:54:03,FALSE,FALSE,0,FALSE,2016-09-25 17:54:03,0
2016-09-26 05:45:59,TRUE,FALSE,0,FALSE,2016-09-26 05:45:59,0
2016-09-26 17:58:59,FALSE,FALSE,0,FALSE,2016-09-26 17:58:59,0
2016-09-27 05:35:53,TRUE,FALSE,0,FALSE,2016-09-27 05:35:53,0
2016-09-27 17:49:06,FALSE,FALSE,0,FALSE,2016-09-27 17:49:06,0
2016-09-28 05:31:06,TRUE,FALSE,0,FALSE,2016-09-28 05:31:06,0
2016-09-28 17:53:59,FALSE,FALSE,0,FALSE,2016-09-28 17:53:59,0
2016-09-29 05:36:02,TRUE,FALSE,0,FALSE,2016-09-29 05:36:02,0
2016-09-29 18:03:53,FALSE,FALSE,0,FALSE,2016-09-29 18:03:53,0
2016-09-30 05:40:47,TRUE,FALSE,0,FALSE,2016-09-30 05:40:47,0
2016-09-30 17:59:00,FALSE,FALSE,0,FALSE,2016-09-30 17:59:00,0
2016-10-01 05:31:06,TRUE,FALSE,0,FALSE,2016-10-01 05:31:06,0
2016-10-01 18:03:57,FALSE,FALSE,0,FALSE,2016-10-01 18:03:57,0
2016-10-02 05:30:59,TRUE,FALSE,0,FALSE,2016-10-02 05:30:59,0
2016-10-02 18:03:53,FALSE,FALSE,0,FALSE,2016-10-02 18:03:53,0
2016-10-03 05:30:58,TRUE,FALSE,0,FALSE,2016-10-03 05:30:58,0
2016-10-03 17:58:57,FALSE,FALSE,0,FALSE,2016-10-03 17:58:57,0
2016-10-04 05:31:06,TRUE,FALSE,0,FALSE,2016-10-04 05:31:06,0
2016-10-04 17:58:59,FALSE,FALSE,0,FALSE,2016-10-04 17:58:59,0
2016-10-05 05:46:02,TRUE,FALSE,0,FALSE,2016-10-05 05:46:02,0
2016-10-05 17:53:57,FALSE,FALSE,0,FALSE,2016-10-05 17:53:57,0
2016-10-06 05:45:59,TRUE,FALSE,0,FALSE,2016-10-06 05:45:59,0
2016-10-06 17:58:53,FALSE,FALSE,0,FALSE,2016-10-06 17:58:53,0
2016-10-07 05:45:51,TRUE,FALSE,0,FALSE,2016-10-07 05:45:51,0
2016-10-07 17:59:00,FALSE,FALSE,0,FALSE,2016-10-07 17:59:00,0
2016-10-08 05:50:50,TRUE,FALSE,0,FALSE,2016-10-08 05:50:50,0
2016-10-08 17:54:03,FALSE,FALSE,0,FALSE,2016-10-08 17:54:03,0
2016-10-09 05:31:06,TRUE,FALSE,0,FALSE,2016-10-09 05:31:06,0
2016-10-09 17:54:02,FALSE,FALSE,0,FALSE,2016-10-09 17:54:02,0
2016-10-10 05:26:06,TRUE,FALSE,0,FALSE,2016-10-10 05:26:06,0
2016-10-10 17:48:53,FALSE,FALSE,0,FALSE,2016-10-10 17:48:53,0
2016-10-11 05:31:00,TRUE,FALSE,0,FALSE,2016-10-11 05:31:00,0
2016-10-11 17:53:53,FALSE,FALSE,0,FALSE,2016-10-11 17:53:53,0
2016-10-12 05:31:06,TRUE,FALSE,0,FALSE,2016-10-12 05:31:06,0
2016-10-12 17:53:53,FALSE,FALSE,0,FALSE,2016-10-12 17:53:53,0
2016-10-13 05:31:02,TRUE,FALSE,0,FALSE,2016-10-13 05:31:02,0
2016-10-13 17:03:53,FALSE,FALSE,0,FALSE,2016-10-13 17:03:53,0
2016-10-14 05:36:06,TRUE,FALSE,0,FALSE,2016-10-14 05:36:06,0
2016-10-14 17:33:59,FALSE,FALSE,0,FALSE,2016-10-14 17:33:59,0
2016-10-15 05:30:58,TRUE,FALSE,0,FALSE,2016-10-15 05:30:58,0
2016-10-15 17:49:00,FALSE,FALSE,0,FALSE,2016-10-15 17:49:00,0
2016-10-16 05:26:06,TRUE,FALSE,0,FALSE,2016-10-16 05:26:06,0
2016-10-16 17:54:00,FALSE,FALSE,0,FALSE,2016-10-16 17:54:00,0
2016-10-17 05:45:52,TRUE,FALSE,0,FALSE,2016-10-17 05:45:52,0
2016-10-17 17:49:06,FALSE,FALSE,0,FALSE,2016-10-17 17:49:06,0
2016-10-18 05:31:06,TRUE,FALSE,0,FALSE,2016-10-18 05:31:06,0
2016-10-18 17:33:57,FALSE,FALSE,0,FALSE,2016-10-18 17:33:57,0
2016-10-19 05:46:00,TRUE,FALSE,0,FALSE,2016-10-19 05:46:00,0
2016-10-19 17:23:53,FALSE,FALSE,0,FALSE,2016-10-19 17:23:53,0
2016-10-20 05:56:00,TRUE,FALSE,0,FALSE,2016-10-20 05:56:00,0
2016-10-20 17:44:00,FALSE,FALSE,0,FALSE,2016-10-20 17:44:00,0
2016-10-21 05:31:06,TRUE,FALSE,0,FALSE,2016-10-21 05:31:06,0
2016-10-21 17:48:53,FALSE,FALSE,0,FALSE,2016-10-21 17:48:53,0
2016-10-22 05:36:06,TRUE,FALSE,0,FALSE,2016-10-22 05:36:06,0
2016-10-22 17:48:53,FALSE,FALSE,0,FALSE,2016-10-22 17:48:53,0
2016-10-23 06:06:02,TRUE,FALSE,0,FALSE,2016-10-23 06:06:02,0
2016-10-23 17:48:53,FALSE,FALSE,0,FALSE,2016-10-23 17:48:53,0
2016-10-24 05:40:59,TRUE,FALSE,0,FALSE,2016-10-24 05:40:59,0
2016-10-24 17:53:53,FALSE,FALSE,0,FALSE,2016-10-24 17:53:53,0
2016-10-25 05:36:06,TRUE,FALSE,0,FALSE,2016-10-25 05:36:06,0
2016-10-25 17:48:57,FALSE,FALSE,0,FALSE,2016-10-25 17:48:57,0
2016-10-26 05:41:06,TRUE,FALSE,0,FALSE,2016-10-26 05:41:06,0
2016-10-26 17:53:59,FALSE,FALSE,0,FALSE,2016-10-26 17:53:59,0
2016-10-27 05:40:57,TRUE,FALSE,0,FALSE,2016-10-27 05:40:57,0
2016-10-27 17:48:59,FALSE,FALSE,0,FALSE,2016-10-27 17:48:59,0
2016-10-28 05:40:58,TRUE,FALSE,0,FALSE,2016-10-28 05:40:58,0
2016-10-28 17:53:53,FALSE,FALSE,0,FALSE,2016-10-28 17:53:53,0
2016-10-29 05:41:00,TRUE,FALSE,0,FALSE,2016-10-29 05:41:00,0
2016-10-29 17:48:59,FALSE,FALSE,0,FALSE,2016-10-29 17:48:59,0
2016-10-30 05:36:00,TRUE,FALSE,0,FALSE,2016-10-30 05:36:00,0
2016-10-30 17:53:53,FALSE,FALSE,0,FALSE,2016-10-30 17:53:53,0
2016-10-31 05:41:00,TRUE,FALSE,0,FALSE,2016-10-31 05:41:00,0
2016-10-31 17:43:59,FALSE,FALSE,0,FALSE,2016-10-31 17:43:59,0
2016-11-01 05:41:02,TRUE,FALSE,0,FALSE,2016-11-01 05:41:02,0
2016-11-01 17:43:59,FALSE,FALSE,0,FALSE,2016-11-01 17:43:59,0
2016-11-02 05:41:06,TRUE,FALSE,0,FALSE,2016-11-02 05:41:06,0
2016-11-02 17:23:53,FALSE,FALSE,0,FALSE,2016-11-02 17:23:53,0
2016-11-03 05:41:06,TRUE,FALSE,0,FALSE,2016-11-03 05:41:06,0
2016-11-03 17:43:59,FALSE,FALSE,0,FALSE,2016-11-03 17:43:59,0
2016-11-04 05:46:00,TRUE,FALSE,0,FALSE,2016-11-04 05:46:00,0
2016-11-04 17:43:53,FALSE,FALSE,0,FALSE,2016-11-04 17:43:53,0
2016-11-05 05:41:02,TRUE,FALSE,0,FALSE,2016-11-05 05:41:02,0
2016-11-05 17:43:59,FALSE,FALSE,0,FALSE,2016-11-05 17:43:59,0
2016-11-06 05:46:02,TRUE,FALSE,0,FALSE,2016-11-06 05:46:02,0
2016-11-06 17:43:53,FALSE,FALSE,0,FALSE,2016-11-06 17:43:53,0
2016-11-07 05:46:00,TRUE,FALSE,0,FALSE,2016-11-07 05:46:00,0
2016-11-07 17:43:53,FALSE,FALSE,0,FALSE,2016-11-07 17:43:53,0
2016-11-08 05:41:02,TRUE,FALSE,0,FALSE,2016-11-08 05:41:02,0
2016-11-08 17:43:59,FALSE,FALSE,0,FALSE,2016-11-08 17:43:59,0
2016-11-09 05:41:06,TRUE,FALSE,0,FALSE,2016-11-09 05:41:06,0
2016-11-09 17:48:53,FALSE,FALSE,0,FALSE,2016-11-09 17:48:53,0
2016-11-10 05:45:58,TRUE,FALSE,0,FALSE,2016-11-10 05:45:58,0
2016-11-10 17:43:57,FALSE,FALSE,0,FALSE,2016-11-10 17:43:57,0
2016-11-11 06:00:48,TRUE,FALSE,0,FALSE,2016-11-11 06:00:48,0
2016-11-11 17:48:53,FALSE,FALSE,0,FALSE,2016-11-11 17:48:53,0
2016-11-12 05:46:06,TRUE,FALSE,0,FALSE,2016-11-12 05:46:06,0
2016-11-12 17:43:59,FALSE,FALSE,0,FALSE,2016-11-12 17:43:59,0
2016-11-13 05:46:06,TRUE,FALSE,0,FALSE,2016-11-13 05:46:06,0
2016-11-13 17:48:53,FALSE,FALSE,0,FALSE,2016-11-13 17:48:53,0
2016-11-14 05:46:00,TRUE,FALSE,0,FALSE,2016-11-14 05:46:00,0
2016-11-14 17:43:57,FALSE,FALSE,0,FALSE,2016-11-14 17:43:57,0
2016-11-15 05:41:06,TRUE,FALSE,0,FALSE,2016-11-15 05:41:06,0
2016-11-15 17:48:53,FALSE,FALSE,0,FALSE,2016-11-15 17:48:53,0
2016-11-16 05:41:06,TRUE,FALSE,0,FALSE,2016-11-16 05:41:06,0
2016-11-16 17:48:53,FALSE,FALSE,0,FALSE,2016-11-16 17:48:53,0
2016-11-17 05:41:02,TRUE,FALSE,0,FALSE,2016-11-17 05:41:02,0
2016-11-17 17:48:53,FALSE,FALSE,0,FALSE,2016-11-17 17:48:53,0
2016-11-18 05:46:00,TRUE,FALSE,0,FALSE,2016-11-18 05:46:00,0
2016-11-18 17:43:53,FALSE,FALSE,0,FALSE,2016-11-18 17:43:53,0
2016-11-19 05:46:06,TRUE,FALSE,0,FALSE,2016-11-19 05:46:06,0
2016-11-19 17:43:53,FALSE,FALSE,0,FALSE,2016-11-19 17:43:53,0
2016-11-20 05:51:00,TRUE,FALSE,0,FALSE,2016-11-20 05:51:00,0
2016-11-20 17:43:59,FALSE,FALSE,0,FALSE,2016-11-20 17:43:59,0
2016-11-21 05:41:06,TRUE,FALSE,0,FALSE,2016-11-21 05:41:06,0
2016-11-21 17:48:53,FALSE,FALSE,0,FALSE,2016-11-21 17:48:53,0
2016-11-22 05:41:06,TRUE,FALSE,0,FALSE,2016-11-22 05:41:06,0
2016-11-22 17:48:53,FALSE,FALSE,0,FALSE,2016-11-22 17:48:53,0
2016-11-23 05:55:55,TRUE,FALSE,0,FALSE,2016-11-23 05:55:55,0
2016-11-23 17:48:53,FALSE,FALSE,0,FALSE,2016-11-23 17:48:53,0
2016-11-24 05:51:00,TRUE,FALSE,0,FALSE,2016-11-24 05:51:00,0
2016-11-24 17:44:00,FALSE,FALSE,0,FALSE,2016-11-24 17:44:00,0
2016-11-25 05:46:06,TRUE,FALSE,0,FALSE,2016-11-25 05:46:06,0
2016-11-25 17:43:53,FALSE,FALSE,0,FALSE,2016-11-25 17:43:53,0
2016-11-26 05:46:02,TRUE,FALSE,0,FALSE,2016-11-26 05:46:02,0
2016-11-26 17:43:59,FALSE,FALSE,0,FALSE,2016-11-26 17:43:59,0
2016-11-27 05:46:06,TRUE,FALSE,0,FALSE,2016-11-27 05:46:06,0
2016-11-27 17:48:57,FALSE,FALSE,0,FALSE,2016-11-27 17:48:57,0
2016-11-28 05:46:06,TRUE,FALSE,0,FALSE,2016-11-28 05:46:06,0
2016-11-28 17:53:53,FALSE,FALSE,0,FALSE,2016-11-28 17:53:53,0
2016-11-29 05:46:06,TRUE,FALSE,0,FALSE,2016-11-29 05:46:06,0
2016-11-29 17:48:53,FALSE,FALSE,0,FALSE,2016-11-29 17:48:53,0
2016-11-30 05:50:59,TRUE,FALSE,0,FALSE,2016-11-30 05:50:59,0
2016-11-30 17:48:53,FALSE,FALSE,0,FALSE,2016-11-30 17:48:53,0
2016-12-01 05:51:00,TRUE,FALSE,0,FALSE,2016-12-01 05:51:00,0
2016-12-01 17:48:59,FALSE,FALSE,0,FALSE,2016-12-01 17:48:59,0
2016-12-02 05:51:00,TRUE,FALSE,0,FALSE,2016-12-02 05:51:00,0
2016-12-02 17:48:53,FALSE,FALSE,0,FALSE,2016-12-02 17:48:53,0
2016-12-03 05:51:06,TRUE,FALSE,0,FALSE,2016-12-03 05:51:06,0
2016-12-03 17:48:53,FALSE,FALSE,0,FALSE,2016-12-03 17:48:53,0
2016-12-04 06:10:49,TRUE,FALSE,0,FALSE,2016-12-04 06:10:49,0
2016-12-04 17:48:53,FALSE,FALSE,0,FALSE,2016-12-04 17:48:53,0
2016-12-05 05:51:06,TRUE,FALSE,0,FALSE,2016-12-05 05:51:06,0
2016-12-05 17:43:53,FALSE,FALSE,0,FALSE,2016-12-05 17:43:53,0
2016-12-06 06:01:06,TRUE,FALSE,0,FALSE,2016-12-06 06:01:06,0
2016-12-06 17:48:53,FALSE,FALSE,0,FALSE,2016-12-06 17:48:53,0
2016-12-07 05:56:02,TRUE,FALSE,0,FALSE,2016-12-07 05:56:02,0
2016-12-07 17:48:53,FALSE,FALSE,0,FALSE,2016-12-07 17:48:53,0
2016-12-08 05:55:59,TRUE,FALSE,0,FALSE,2016-12-08 05:55:59,0
2016-12-08 17:48:57,FALSE,FALSE,0,FALSE,2016-12-08 17:48:57,0
2016-12-09 06:01:00,TRUE,FALSE,0,FALSE,2016-12-09 06:01:00,0
2016-12-09 17:43:59,FALSE,FALSE,0,FALSE,2016-12-09 17:43:59,0
2016-12-10 05:56:06,TRUE,FALSE,0,FALSE,2016-12-10 05:56:06,0
2016-12-10 17:48:53,FALSE,FALSE,0,FALSE,2016-12-10 17:48:53,0
2016-12-11 05:56:06,TRUE,FALSE,0,FALSE,2016-12-11 05:56:06,0
2016-12-11 17:48:57,FALSE,FALSE,0,FALSE,2016-12-11 17:48:57,0
2016-12-12 06:20:47,TRUE,FALSE,0,FALSE,2016-12-12 06:20:47,0
2016-12-12 17:43:53,FALSE,FALSE,0,FALSE,2016-12-12 17:43:53,0
2016-12-13 06:01:06,TRUE,FALSE,0,FALSE,2016-12-13 06:01:06,0
2016-12-13 17:43:53,FALSE,FALSE,0,FALSE,2016-12-13 17:43:53,0
2016-12-14 06:06:06,TRUE,FALSE,0,FALSE,2016-12-14 06:06:06,0
2016-12-14 17:48:53,FALSE,FALSE,0,FALSE,2016-12-14 17:48:53,0
2016-12-15 06:01:02,TRUE,FALSE,0,FALSE,2016-12-15 06:01:02,0
2016-12-15 17:53:53,FALSE,FALSE,0,FALSE,2016-12-15 17:53:53,0
2016-12-16 06:01:06,TRUE,FALSE,0,FALSE,2016-12-16 06:01:06,0
2016-12-16 17:48:57,FALSE,FALSE,0,FALSE,2016-12-16 17:48:57,0
2016-12-17 06:05:59,TRUE,FALSE,0,FALSE,2016-12-17 06:05:59,0
2016-12-17 17:48:53,FALSE,FALSE,0,FALSE,2016-12-17 17:48:53,0
2016-12-18 06:21:06,TRUE,FALSE,0,FALSE,2016-12-18 06:21:06,0
2016-12-18 17:38:53,FALSE,FALSE,0,FALSE,2016-12-18 17:38:53,0
2016-12-19 06:06:02,TRUE,FALSE,0,FALSE,2016-12-19 06:06:02,0
2016-12-19 17:53:57,FALSE,FALSE,0,FALSE,2016-12-19 17:53:57,0
2016-12-20 06:01:00,TRUE,FALSE,0,FALSE,2016-12-20 06:01:00,0
2016-12-20 17:53:53,FALSE,FALSE,0,FALSE,2016-12-20 17:53:53,0
2016-12-21 06:06:06,TRUE,FALSE,0,FALSE,2016-12-21 06:06:06,0
2016-12-21 17:54:00,FALSE,FALSE,0,FALSE,2016-12-21 17:54:00,0
2016-12-22 06:25:58,TRUE,FALSE,0,FALSE,2016-12-22 06:25:58,0
2016-12-22 17:48:57,FALSE,FALSE,0,FALSE,2016-12-22 17:48:57,0
2016-12-23 06:06:02,TRUE,FALSE,0,FALSE,2016-12-23 06:06:02,0
2016-12-23 17:53:53,FALSE,FALSE,0,FALSE,2016-12-23 17:53:53,0
2016-12-24 06:05:59,TRUE,FALSE,0,FALSE,2016-12-24 06:05:59,0
2016-12-24 17:58:53,FALSE,FALSE,0,FALSE,2016-12-24 17:58:53,0
2016-12-25 06:01:06,TRUE,FALSE,0,FALSE,2016-12-25 06:01:06,0
2016-12-25 17:53:57,FALSE,FALSE,0,FALSE,2016-12-25 17:53:57,0
2016-12-26 06:06:06,TRUE,FALSE,0,FALSE,2016-12-26 06:06:06,0
2016-12-26 17:54:00,FALSE,FALSE,0,FALSE,2016-12-26 17:54:00,0
2016-12-27 06:06:02,TRUE,FALSE,0,FALSE,2016-12-27 06:06:02,0
2016-12-27 17:58:53,FALSE,FALSE,0,FALSE,2016-12-27 17:58:53,0
2016-12-28 06:01:06,TRUE,FALSE,0,FALSE,2016-12-28 06:01:06,0
2016-12-28 17:58:53,FALSE,FALSE,0,FALSE,2016-12-28 17:58:53,0
2016-12-29 06:06:06,TRUE,FALSE,0,FALSE,2016-12-29 06:06:06,0
2016-12-29 17:58:53,FALSE,FALSE,0,FALSE,2016-12-29 17:58:53,0
2016-12-30 06:20:55,TRUE,FALSE,0,FALSE,2016-12-30 06:20:55,0
2016-12-30 17:34:15,FALSE,FALSE,0,FALSE,2016-12-30 17:34:15,0
2016-12-31 06:01:06,TRUE,FALSE,0,FALSE,2016-12-31 06:01:06,0
2016-12-31 17:58:59,FALSE,FALSE,0,FALSE,2016-12-31 17:58:59,0
2017-01-01 06:01:06,TRUE,FALSE,0,FALSE,2017-01-01 06:01:06,0
2017-01-01 17:58:59,FALSE,FALSE,0,FALSE,2017-01-01 17:58:59,0
2017-01-02 06:16:06,TRUE,FALSE,0,FALSE,2017-01-02 06:16:06,0
2017-01-02 17:59:00,FALSE,FALSE,0,FALSE,2017-01-02 17:59:00,0
2017-01-03 06:16:00,TRUE,FALSE,0,FALSE,2017-01-03 06:16:00,0
2017-01-03 18:03:53,FALSE,FALSE,0,FALSE,2017-01-03 18:03:53,0
2017-01-04 06:06:06,TRUE,FALSE,0,FALSE,2017-01-04 06:06:06,0
2017-01-04 17:58:53,FALSE,FALSE,0,FALSE,2017-01-04 17:58:53,0
2017-01-05 06:10:55,TRUE,FALSE,0,FALSE,2017-01-05 06:10:55,0
2017-01-05 18:03:53,FALSE,FALSE,0,FALSE,2017-01-05 18:03:53,0
2017-01-06 06:06:02,TRUE,FALSE,0,FALSE,2017-01-06 06:06:02,0
2017-01-06 18:03:53,FALSE,FALSE,0,FALSE,2017-01-06 18:03:53,0
2017-01-07 06:06:06,TRUE,FALSE,0,FALSE,2017-01-07 06:06:06,0
2017-01-07 18:08:53,FALSE,FALSE,0,FALSE,2017-01-07 18:08:53,0
2017-01-08 06:06:06,TRUE,FALSE,0,FALSE,2017-01-08 06:06:06,0
2017-01-08 18:03:53,FALSE,FALSE,0,FALSE,2017-01-08 18:03:53,0
2017-01-09 06:21:00,TRUE,FALSE,0,FALSE,2017-01-09 06:21:00,0
2017-01-09 18:03:53,FALSE,FALSE,0,FALSE,2017-01-09 18:03:53,0
2017-01-10 06:06:06,TRUE,FALSE,0,FALSE,2017-01-10 06:06:06,0
2017-01-10 18:03:57,FALSE,FALSE,0,FALSE,2017-01-10 18:03:57,0
2017-01-11 06:11:06,TRUE,FALSE,0,FALSE,2017-01-11 06:11:06,0
2017-01-11 18:08:53,FALSE,FALSE,0,FALSE,2017-01-11 18:08:53,0
2017-01-12 06:01:06,TRUE,FALSE,0,FALSE,2017-01-12 06:01:06,0
2017-01-12 18:08:59,FALSE,FALSE,0,FALSE,2017-01-12 18:08:59,0
2017-01-13 06:16:02,TRUE,FALSE,0,FALSE,2017-01-13 06:16:02,0
2017-01-13 18:03:59,FALSE,FALSE,0,FALSE,2017-01-13 18:03:59,0
2017-01-14 06:10:56,TRUE,FALSE,0,FALSE,2017-01-14 06:10:56,0
2017-01-14 18:08:59,FALSE,FALSE,0,FALSE,2017-01-14 18:08:59,0
2017-01-15 06:15:52,TRUE,FALSE,0,FALSE,2017-01-15 06:15:52,0
2017-01-15 18:08:53,FALSE,FALSE,0,FALSE,2017-01-15 18:08:53,0
2017-01-16 06:21:00,TRUE,FALSE,0,FALSE,2017-01-16 06:21:00,0
2017-01-16 18:08:53,FALSE,FALSE,0,FALSE,2017-01-16 18:08:53,0
2017-01-17 06:11:02,TRUE,FALSE,0,FALSE,2017-01-17 06:11:02,0
2017-01-17 18:03:59,FALSE,FALSE,0,FALSE,2017-01-17 18:03:59,0
2017-01-18 06:11:06,TRUE,FALSE,0,FALSE,2017-01-18 06:11:06,0
2017-01-18 18:03:57,FALSE,FALSE,0,FALSE,2017-01-18 18:03:57,0
2017-01-19 06:16:06,TRUE,FALSE,0,FALSE,2017-01-19 06:16:06,0
2017-01-19 18:13:53,FALSE,FALSE,0,FALSE,2017-01-19 18:13:53,0
2017-01-20 06:11:06,TRUE,FALSE,0,FALSE,2017-01-20 06:11:06,0
2017-01-20 18:08:53,FALSE,FALSE,0,FALSE,2017-01-20 18:08:53,0
2017-01-21 06:16:06,TRUE,FALSE,0,FALSE,2017-01-21 06:16:06,0
2017-01-21 18:13:53,FALSE,FALSE,0,FALSE,2017-01-21 18:13:53,0
2017-01-22 06:06:06,TRUE,FALSE,0,FALSE,2017-01-22 06:06:06,0
2017-01-22 18:08:59,FALSE,FALSE,0,FALSE,2017-01-22 18:08:59,0
2017-01-23 06:16:00,TRUE,FALSE,0,FALSE,2017-01-23 06:16:00,0
2017-01-23 18:13:53,FALSE,FALSE,0,FALSE,2017-01-23 18:13:53,0
2017-01-24 06:21:00,TRUE,FALSE,0,FALSE,2017-01-24 06:21:00,0
2017-01-24 18:13:53,FALSE,FALSE,0,FALSE,2017-01-24 18:13:53,0
2017-01-25 06:10:59,TRUE,FALSE,0,FALSE,2017-01-25 06:10:59,0
2017-01-25 18:13:59,FALSE,FALSE,0,FALSE,2017-01-25 18:13:59,0
2017-01-26 06:11:00,TRUE,FALSE,0,FALSE,2017-01-26 06:11:00,0
2017-01-26 18:13:57,FALSE,FALSE,0,FALSE,2017-01-26 18:13:57,0
2017-01-27 06:16:06,TRUE,FALSE,0,FALSE,2017-01-27 06:16:06,0
2017-01-27 18:18:53,FALSE,FALSE,0,FALSE,2017-01-27 18:18:53,0
2017-01-28 06:26:06,TRUE,FALSE,0,FALSE,2017-01-28 06:26:06,0
2017-01-28 18:13:59,FALSE,FALSE,0,FALSE,2017-01-28 18:13:59,0
2017-01-29 06:15:56,TRUE,FALSE,0,FALSE,2017-01-29 06:15:56,0
2017-01-29 18:13:53,FALSE,FALSE,0,FALSE,2017-01-29 18:13:53,0
2017-01-30 06:16:06,TRUE,FALSE,0,FALSE,2017-01-30 06:16:06,0
2017-01-30 18:18:53,FALSE,FALSE,0,FALSE,2017-01-30 18:18:53,0
2017-01-31 06:16:00,TRUE,FALSE,0,FALSE,2017-01-31 06:16:00,0
2017-01-31 18:18:53,FALSE,FALSE,0,FALSE,2017-01-31 18:18:53,0
2017-02-01 06:30:47,TRUE,FALSE,0,FALSE,2017-02-01 06:30:47,0
2017-02-01 18:18:53,FALSE,FALSE,0,FALSE,2017-02-01 18:18:53,0
2017-02-02 06:26:06,TRUE,FALSE,0,FALSE,2017-02-02 06:26:06,0
2017-02-02 18:14:03,FALSE,FALSE,0,FALSE,2017-02-02 18:14:03,0
2017-02-03 06:15:56,TRUE,FALSE,0,FALSE,2017-02-03 06:15:56,0
2017-02-03 18:13:53,FALSE,FALSE,0,FALSE,2017-02-03 18:13:53,0
2017-02-04 06:10:59,TRUE,FALSE,0,FALSE,2017-02-04 06:10:59,0
2017-02-04 18:13:53,FALSE,FALSE,0,FALSE,2017-02-04 18:13:53,0
2017-02-05 06:25:55,TRUE,FALSE,0,FALSE,2017-02-05 06:25:55,0
2017-02-05 18:18:53,FALSE,FALSE,0,FALSE,2017-02-05 18:18:53,0
2017-02-06 06:10:54,TRUE,FALSE,0,FALSE,2017-02-06 06:10:54,0
2017-02-06 18:18:53,FALSE,FALSE,0,FALSE,2017-02-06 18:18:53,0
2017-02-07 06:26:06,TRUE,FALSE,0,FALSE,2017-02-07 06:26:06,0
2017-02-07 18:18:53,FALSE,FALSE,0,FALSE,2017-02-07 18:18:53,0
2017-02-08 06:20:55,TRUE,FALSE,0,FALSE,2017-02-08 06:20:55,0
2017-02-08 18:13:53,FALSE,FALSE,0,FALSE,2017-02-08 18:13:53,0
2017-02-09 06:26:02,TRUE,FALSE,0,FALSE,2017-02-09 06:26:02,0
2017-02-09 18:13:57,FALSE,FALSE,0,FALSE,2017-02-09 18:13:57,0
2017-02-10 06:15:53,TRUE,FALSE,0,FALSE,2017-02-10 06:15:53,0
2017-02-10 18:13:59,FALSE,FALSE,0,FALSE,2017-02-10 18:13:59,0
2017-02-11 06:10:53,TRUE,FALSE,0,FALSE,2017-02-11 06:10:53,0
2017-02-11 18:13:53,FALSE,FALSE,0,FALSE,2017-02-11 18:13:53,0
2017-02-12 06:05:59,TRUE,FALSE,0,FALSE,2017-02-12 06:05:59,0
2017-02-12 18:18:53,FALSE,FALSE,0,FALSE,2017-02-12 18:18:53,0
2017-02-13 06:30:45,TRUE,FALSE,0,FALSE,2017-02-13 06:30:45,0
2017-02-13 18:08:53,FALSE,FALSE,0,FALSE,2017-02-13 18:08:53,0
2017-02-14 06:30:53,TRUE,FALSE,0,FALSE,2017-02-14 06:30:53,0
2017-02-14 18:18:53,FALSE,FALSE,0,FALSE,2017-02-14 18:18:53,0
2017-02-15 06:36:06,TRUE,FALSE,0,FALSE,2017-02-15 06:36:06,0
2017-02-15 18:13:59,FALSE,FALSE,0,FALSE,2017-02-15 18:13:59,0
2017-02-16 06:01:00,TRUE,FALSE,0,FALSE,2017-02-16 06:01:00,0
2017-02-16 18:18:53,FALSE,FALSE,0,FALSE,2017-02-16 18:18:53,0
2017-02-17 06:41:06,TRUE,FALSE,0,FALSE,2017-02-17 06:41:06,0
2017-02-17 18:19:00,FALSE,FALSE,0,FALSE,2017-02-17 18:19:00,0
2017-02-18 06:00:59,TRUE,FALSE,0,FALSE,2017-02-18 06:00:59,0
2017-02-18 18:18:53,FALSE,FALSE,0,FALSE,2017-02-18 18:18:53,0
2017-02-19 06:01:06,TRUE,FALSE,0,FALSE,2017-02-19 06:01:06,0
2017-02-19 18:18:59,FALSE,FALSE,0,FALSE,2017-02-19 18:18:59,0
2017-02-20 06:01:02,TRUE,FALSE,0,FALSE,2017-02-20 06:01:02,0
2017-02-20 18:18:59,FALSE,FALSE,0,FALSE,2017-02-20 18:18:59,0
2017-02-21 06:01:06,TRUE,FALSE,0,FALSE,2017-02-21 06:01:06,0
2017-02-21 18:18:53,FALSE,FALSE,0,FALSE,2017-02-21 18:18:53,0
2017-02-22 06:10:57,TRUE,FALSE,0,FALSE,2017-02-22 06:10:57,0
2017-02-22 18:04:06,FALSE,FALSE,0,FALSE,2017-02-22 18:04:06,0
2017-02-23 06:10:51,TRUE,FALSE,0,FALSE,2017-02-23 06:10:51,0
2017-02-23 18:18:57,FALSE,FALSE,0,FALSE,2017-02-23 18:18:57,0
2017-02-24 06:36:06,TRUE,FALSE,0,FALSE,2017-02-24 06:36:06,0
2017-02-24 18:23:53,FALSE,FALSE,0,FALSE,2017-02-24 18:23:53,0
2017-02-25 06:20:49,TRUE,FALSE,0,FALSE,2017-02-25 06:20:49,0
2017-02-25 18:18:59,FALSE,FALSE,0,FALSE,2017-02-25 18:18:59,0
2017-02-26 06:05:53,TRUE,FALSE,0,FALSE,2017-02-26 06:05:53,0
2017-02-26 18:23:53,FALSE,FALSE,0,FALSE,2017-02-26 18:23:53,0
2017-02-27 06:25:56,TRUE,FALSE,0,FALSE,2017-02-27 06:25:56,0
2017-02-27 18:18:57,FALSE,FALSE,0,FALSE,2017-02-27 18:18:57,0
2017-02-28 06:51:02,TRUE,FALSE,0,FALSE,2017-02-28 06:51:02,0
2017-02-28 18:23:53,FALSE,FALSE,0,FALSE,2017-02-28 18:23:53,0
2017-03-01 06:10:50,TRUE,FALSE,0,FALSE,2017-03-01 06:10:50,0
2017-03-01 18:23:53,FALSE,FALSE,0,FALSE,2017-03-01 18:23:53,0
2017-03-02 06:21:06,TRUE,FALSE,0,FALSE,2017-03-02 06:21:06,0
2017-03-02 18:23:53,FALSE,FALSE,0,FALSE,2017-03-02 18:23:53,0
2017-03-03 06:30:44,TRUE,FALSE,0,FALSE,2017-03-03 06:30:44,0
2017-03-03 18:13:59,FALSE,FALSE,0,FALSE,2017-03-03 18:13:59,0
2017-03-04 05:56:06,TRUE,FALSE,0,FALSE,2017-03-04 05:56:06,0
2017-03-04 18:23:53,FALSE,FALSE,0,FALSE,2017-03-04 18:23:53,0
2017-03-05 05:51:06,TRUE,FALSE,0,FALSE,2017-03-05 05:51:06,0
2017-03-05 17:44:17,FALSE,FALSE,0,FALSE,2017-03-05 17:44:17,0
2017-03-06 06:00:57,TRUE,FALSE,0,FALSE,2017-03-06 06:00:57,0
2017-03-06 18:19:04,FALSE,FALSE,0,FALSE,2017-03-06 18:19:04,0
2017-03-07 05:56:02,TRUE,FALSE,0,FALSE,2017-03-07 05:56:02,0
2017-03-07 17:54:16,FALSE,FALSE,0,FALSE,2017-03-07 17:54:16,0
2017-03-08 06:10:52,TRUE,FALSE,0,FALSE,2017-03-08 06:10:52,0
2017-03-08 18:18:57,FALSE,FALSE,0,FALSE,2017-03-08 18:18:57,0
2017-03-09 05:51:06,TRUE,FALSE,0,FALSE,2017-03-09 05:51:06,0
2017-03-09 18:09:11,FALSE,FALSE,0,FALSE,2017-03-09 18:09:11,0
2017-03-10 06:20:53,TRUE,FALSE,0,FALSE,2017-03-10 06:20:53,0
2017-03-10 17:59:15,FALSE,FALSE,0,FALSE,2017-03-10 17:59:15,0
2017-03-11 05:55:56,TRUE,FALSE,0,FALSE,2017-03-11 05:55:56,0
2017-03-11 18:23:53,FALSE,FALSE,0,FALSE,2017-03-11 18:23:53,0
2017-03-12 05:56:06,TRUE,FALSE,0,FALSE,2017-03-12 05:56:06,0
2017-03-12 17:48:53,FALSE,FALSE,0,FALSE,2017-03-12 17:48:53,0
2017-03-13 06:20:56,TRUE,FALSE,0,FALSE,2017-03-13 06:20:56,0
2017-03-13 17:59:02,FALSE,FALSE,0,FALSE,2017-03-13 17:59:02,0
2017-03-14 06:10:57,TRUE,FALSE,0,FALSE,2017-03-14 06:10:57,0
2017-03-14 18:24:02,FALSE,FALSE,0,FALSE,2017-03-14 18:24:02,0
2017-03-15 06:00:51,TRUE,FALSE,0,FALSE,2017-03-15 06:00:51,0
2017-03-15 17:58:53,FALSE,FALSE,0,FALSE,2017-03-15 17:58:53,0
2017-03-16 06:15:43,TRUE,FALSE,0,FALSE,2017-03-16 06:15:43,0
2017-03-16 17:58:53,FALSE,FALSE,0,FALSE,2017-03-16 17:58:53,0
2017-03-17 06:06:02,TRUE,FALSE,0,FALSE,2017-03-17 06:06:02,0
2017-03-17 18:28:59,FALSE,FALSE,0,FALSE,2017-03-17 18:28:59,0
2017-03-18 06:15:57,TRUE,FALSE,0,FALSE,2017-03-18 06:15:57,0
2017-03-18 18:08:53,FALSE,FALSE,0,FALSE,2017-03-18 18:08:53,0
2017-03-19 06:00:51,TRUE,FALSE,0,FALSE,2017-03-19 06:00:51,0
2017-03-19 18:03:57,FALSE,FALSE,0,FALSE,2017-03-19 18:03:57,0
2017-03-20 05:50:58,TRUE,FALSE,0,FALSE,2017-03-20 05:50:58,0
2017-03-20 18:19:00,FALSE,FALSE,0,FALSE,2017-03-20 18:19:00,0
2017-03-21 05:45:57,TRUE,FALSE,0,FALSE,2017-03-21 05:45:57,0
2017-03-21 17:58:53,FALSE,FALSE,0,FALSE,2017-03-21 17:58:53,0
2017-03-22 05:41:06,TRUE,FALSE,0,FALSE,2017-03-22 05:41:06,0
2017-03-22 18:24:00,FALSE,FALSE,0,FALSE,2017-03-22 18:24:00,0
2017-03-23 06:11:06,TRUE,FALSE,0,FALSE,2017-03-23 06:11:06,0
2017-03-23 18:28:53,FALSE,FALSE,0,FALSE,2017-03-23 18:28:53,0
2017-03-24 06:00:59,TRUE,FALSE,0,FALSE,2017-03-24 06:00:59,0
2017-03-24 18:24:03,FALSE,FALSE,0,FALSE,2017-03-24 18:24:03,0
2017-03-25 06:11:00,TRUE,FALSE,0,FALSE,2017-03-25 06:11:00,0
2017-03-25 18:04:14,FALSE,FALSE,0,FALSE,2017-03-25 18:04:14,0
2017-03-26 06:26:06,TRUE,FALSE,0,FALSE,2017-03-26 06:26:06,0
2017-03-26 17:44:03,FALSE,FALSE,0,FALSE,2017-03-26 17:44:03,0
2017-03-27 05:45:55,TRUE,FALSE,0,FALSE,2017-03-27 05:45:55,0
2017-03-27 18:29:02,FALSE,FALSE,0,FALSE,2017-03-27 18:29:02,0
2017-03-28 05:50:55,TRUE,FALSE,0,FALSE,2017-03-28 05:50:55,0
2017-03-28 17:38:53,FALSE,FALSE,0,FALSE,2017-03-28 17:38:53,0
2017-03-29 05:46:06,TRUE,FALSE,0,FALSE,2017-03-29 05:46:06,0
2017-03-29 17:39:10,FALSE,FALSE,0,FALSE,2017-03-29 17:39:10,0
2017-03-30 06:10:49,TRUE,FALSE,0,FALSE,2017-03-30 06:10:49,0
2017-03-30 18:14:10,FALSE,FALSE,0,FALSE,2017-03-30 18:14:10,0
2017-03-31 06:00:58,TRUE,FALSE,0,FALSE,2017-03-31 06:00:58,0
2017-03-31 16:54:15,FALSE,FALSE,0,FALSE,2017-03-31 16:54:15,0
2017-04-01 05:40:55,TRUE,FALSE,0,FALSE,2017-04-01 05:40:55,0
2017-04-01 18:33:53,FALSE,FALSE,0,FALSE,2017-04-01 18:33:53,0
2017-04-02 05:31:06,TRUE,FALSE,0,FALSE,2017-04-02 05:31:06,0
2017-04-02 18:08:59,FALSE,FALSE,0,FALSE,2017-04-02 18:08:59,0
2017-04-03 05:11:06,TRUE,FALSE,0,FALSE,2017-04-03 05:11:06,0
2017-04-03 18:18:53,FALSE,FALSE,0,FALSE,2017-04-03 18:18:53,0
2017-04-04 05:16:06,TRUE,FALSE,0,FALSE,2017-04-04 05:16:06,0
2017-04-04 18:18:59,FALSE,FALSE,0,FALSE,2017-04-04 18:18:59,0
2017-04-05 05:31:02,TRUE,FALSE,0,FALSE,2017-04-05 05:31:02,0
2017-04-05 18:38:57,FALSE,FALSE,0,FALSE,2017-04-05 18:38:57,0
2017-04-06 05:16:00,TRUE,FALSE,0,FALSE,2017-04-06 05:16:00,0
2017-04-06 18:33:53,FALSE,FALSE,0,FALSE,2017-04-06 18:33:53,0
2017-04-07 05:16:00,TRUE,FALSE,0,FALSE,2017-04-07 05:16:00,0
2017-04-07 18:33:53,FALSE,FALSE,0,FALSE,2017-04-07 18:33:53,0
2017-04-08 05:16:06,TRUE,FALSE,0,FALSE,2017-04-08 05:16:06,0
2017-04-08 18:28:53,FALSE,FALSE,0,FALSE,2017-04-08 18:28:53,0
2017-04-09 05:11:06,TRUE,FALSE,0,FALSE,2017-04-09 05:11:06,0
2017-04-09 18:28:53,FALSE,FALSE,0,FALSE,2017-04-09 18:28:53,0
2017-04-10 05:06:00,TRUE,FALSE,0,FALSE,2017-04-10 05:06:00,0
2017-04-10 18:33:53,FALSE,FALSE,0,FALSE,2017-04-10 18:33:53,0
2017-04-11 05:11:02,TRUE,FALSE,0,FALSE,2017-04-11 05:11:02,0
2017-04-11 18:33:57,FALSE,FALSE,0,FALSE,2017-04-11 18:33:57,0
2017-04-12 05:11:06,TRUE,FALSE,0,FALSE,2017-04-12 05:11:06,0
2017-04-12 18:38:53,FALSE,FALSE,0,FALSE,2017-04-12 18:38:53,0
2017-04-13 05:06:06,TRUE,FALSE,0,FALSE,2017-04-13 05:06:06,0
2017-04-13 18:38:53,FALSE,FALSE,0,FALSE,2017-04-13 18:38:53,0
2017-04-14 04:51:06,TRUE,FALSE,0,FALSE,2017-04-14 04:51:06,0
2017-04-14 17:53:53,FALSE,FALSE,0,FALSE,2017-04-14 17:53:53,0
2017-04-15 04:16:06,TRUE,FALSE,0,FALSE,2017-04-15 04:16:06,0
2017-04-15 18:13:53,FALSE,FALSE,0,FALSE,2017-04-15 18:13:53,0
2017-04-16 04:11:06,TRUE,FALSE,0,FALSE,2017-04-16 04:11:06,0
2017-04-16 18:08:53,FALSE,FALSE,0,FALSE,2017-04-16 18:08:53,0
2017-04-17 04:26:00,TRUE,FALSE,0,FALSE,2017-04-17 04:26:00,0
2017-04-17 18:03:53,FALSE,FALSE,0,FALSE,2017-04-17 18:03:53,0
2017-04-18 04:06:06,TRUE,FALSE,0,FALSE,2017-04-18 04:06:06,0
2017-04-18 18:13:53,FALSE,FALSE,0,FALSE,2017-04-18 18:13:53,0
2017-04-19 04:06:06,TRUE,FALSE,0,FALSE,2017-04-19 04:06:06,0
2017-04-19 18:08:53,FALSE,FALSE,0,FALSE,2017-04-19 18:08:53,0
2017-04-20 04:11:06,TRUE,FALSE,0,FALSE,2017-04-20 04:11:06,0
2017-04-20 17:53:53,FALSE,FALSE,0,FALSE,2017-04-20 17:53:53,0
2017-04-21 04:11:06,TRUE,FALSE,0,FALSE,2017-04-21 04:11:06,0
2017-04-21 18:43:53,FALSE,FALSE,0,FALSE,2017-04-21 18:43:53,0
2017-04-22 04:06:06,TRUE,FALSE,0,FALSE,2017-04-22 04:06:06,0
2017-04-22 18:38:53,FALSE,FALSE,0,FALSE,2017-04-22 18:38:53,0
2017-04-23 04:01:00,TRUE,FALSE,0,FALSE,2017-04-23 04:01:00,0
2017-04-23 18:33:53,FALSE,FALSE,0,FALSE,2017-04-23 18:33:53,0
2017-04-24 04:01:06,TRUE,FALSE,0,FALSE,2017-04-24 04:01:06,0
2017-04-24 18:33:53,FALSE,FALSE,0,FALSE,2017-04-24 18:33:53,0
2017-04-25 04:16:06,TRUE,FALSE,0,FALSE,2017-04-25 04:16:06,0
2017-04-25 18:28:53,FALSE,FALSE,0,FALSE,2017-04-25 18:28:53,0
2017-04-26 04:16:06,TRUE,FALSE,0,FALSE,2017-04-26 04:16:06,0
2017-04-26 18:33:53,FALSE,FALSE,0,FALSE,2017-04-26 18:33:53,0
2017-04-27 04:06:06,TRUE,FALSE,0,FALSE,2017-04-27 04:06:06,0
2017-04-27 18:18:53,FALSE,FALSE,0,FALSE,2017-04-27 18:18:53,0
2017-04-28 04:06:06,TRUE,FALSE,0,FALSE,2017-04-28 04:06:06,0
2017-04-28 17:34:08,FALSE,FALSE,0,FALSE,2017-04-28 17:34:08,0
2017-04-29 05:10:54,TRUE,FALSE,0,FALSE,2017-04-29 05:10:54,0
2017-04-29 17:53:59,FALSE,FALSE,0,FALSE,2017-04-29 17:53:59,0
2017-04-30 04:46:06,TRUE,FALSE,0,FALSE,2017-04-30 04:46:06,0
2017-04-30 18:04:12,FALSE,FALSE,0,FALSE,2017-04-30 18:04:12,0
2017-05-01 04:31:06,TRUE,FALSE,0,FALSE,2017-05-01 04:31:06,0
2017-05-01 18:09:00,FALSE,FALSE,0,FALSE,2017-05-01 18:09:00,0
2017-05-02 06:41:06,TRUE,FALSE,0,FALSE,2017-05-02 06:41:06,0
2017-05-02 18:29:07,FALSE,FALSE,0,FALSE,2017-05-02 18:29:07,0
2017-05-03 06:06:06,TRUE,FALSE,0,FALSE,2017-05-03 06:06:06,0
2017-05-03 15:39:16,FALSE,FALSE,0,FALSE,2017-05-03 15:39:16,0
2017-05-04 04:10:49,TRUE,FALSE,0,FALSE,2017-05-04 04:10:49,0
2017-05-04 11:44:18,FALSE,FALSE,0,FALSE,2017-05-04 11:44:18,0
2017-05-05 05:21:02,TRUE,FALSE,0,FALSE,2017-05-05 05:21:02,0
2017-05-05 17:44:12,FALSE,FALSE,0,FALSE,2017-05-05 17:44:12,0
2017-05-06 05:56:06,TRUE,FALSE,0,FALSE,2017-05-06 05:56:06,0
2017-05-06 17:24:08,FALSE,FALSE,0,FALSE,2017-05-06 17:24:08,0
2017-05-07 08:51:06,TRUE,FALSE,0,FALSE,2017-05-07 08:51:06,0
2017-05-07 13:44:14,FALSE,FALSE,0,FALSE,2017-05-07 13:44:14,0
2017-05-08 04:45:46,TRUE,FALSE,0,FALSE,2017-05-08 04:45:46,0
2017-05-08 15:29:03,FALSE,FALSE,0,FALSE,2017-05-08 15:29:03,0
2017-05-09 06:56:06,TRUE,FALSE,0,FALSE,2017-05-09 06:56:06,0
2017-05-09 15:39:11,FALSE,FALSE,0,FALSE,2017-05-09 15:39:11,0
2017-05-10 06:16:06,TRUE,FALSE,0,FALSE,2017-05-10 06:16:06,0
2017-05-10 16:59:16,FALSE,FALSE,0,FALSE,2017-05-10 16:59:16,0
2017-05-11 05:16:06,TRUE,FALSE,0,FALSE,2017-05-11 05:16:06,0
2017-05-11 11:49:14,FALSE,FALSE,0,FALSE,2017-05-11 11:49:14,0
2017-05-12 09:10:46,TRUE,FALSE,0,FALSE,2017-05-12 09:10:46,0
2017-05-12 10:08:53,FALSE,FALSE,0,FALSE,2017-05-12 10:08:53,0
2017-05-13 04:56:06,TRUE,FALSE,0,FALSE,2017-05-13 04:56:06,0
2017-05-13 12:49:16,FALSE,FALSE,0,FALSE,2017-05-13 12:49:16,0
2017-05-14 06:21:06,TRUE,FALSE,0,FALSE,2017-05-14 06:21:06,0
2017-05-14 15:59:14,FALSE,FALSE,0,FALSE,2017-05-14 15:59:14,0
2017-05-15 04:36:06,TRUE,FALSE,0,FALSE,2017-05-15 04:36:06,0
2017-05-15 17:24:12,FALSE,FALSE,0,FALSE,2017-05-15 17:24:12,0
2017-05-16 04:26:06,TRUE,FALSE,0,FALSE,2017-05-16 04:26:06,0
2017-05-16 18:04:06,FALSE,FALSE,0,FALSE,2017-05-16 18:04:06,0
2017-05-17 04:36:00,TRUE,FALSE,0,FALSE,2017-05-17 04:36:00,0
2017-05-17 18:04:00,FALSE,FALSE,0,FALSE,2017-05-17 18:04:00,0
2017-05-18 06:41:06,TRUE,FALSE,0,FALSE,2017-05-18 06:41:06,0
2017-05-18 16:09:14,FALSE,FALSE,0,FALSE,2017-05-18 16:09:14,0
2017-05-19 04:50:46,TRUE,FALSE,0,FALSE,2017-05-19 04:50:46,0
2017-05-19 12:04:08,FALSE,FALSE,0,FALSE,2017-05-19 12:04:08,0
2017-05-20 06:25:48,TRUE,FALSE,0,FALSE,2017-05-20 06:25:48,0
2017-05-20 14:54:18,FALSE,FALSE,0,FALSE,2017-05-20 14:54:18,0
2017-05-21 05:36:00,TRUE,FALSE,0,FALSE,2017-05-21 05:36:00,0
2017-05-21 16:29:12,FALSE,FALSE,0,FALSE,2017-05-21 16:29:12,0
2017-05-22 06:20:56,TRUE,FALSE,0,FALSE,2017-05-22 06:20:56,0
2017-05-22 18:04:06,FALSE,FALSE,0,FALSE,2017-05-22 18:04:06,0
2017-05-23 07:10:47,TRUE,FALSE,0,FALSE,2017-05-23 07:10:47,0
2017-05-23 16:39:16,FALSE,FALSE,0,FALSE,2017-05-23 16:39:16,0
2017-05-24 05:36:06,TRUE,FALSE,0,FALSE,2017-05-24 05:36:06,0
2017-05-24 16:04:11,FALSE,FALSE,0,FALSE,2017-05-24 16:04:11,0
2017-05-25 04:15:53,TRUE,FALSE,0,FALSE,2017-05-25 04:15:53,0
2017-05-25 17:44:08,FALSE,FALSE,0,FALSE,2017-05-25 17:44:08,0
2017-05-26 04:50:59,TRUE,FALSE,0,FALSE,2017-05-26 04:50:59,0
2017-05-26 20:53:53,FALSE,FALSE,0,FALSE,2017-05-26 20:53:53,0
2017-05-27 04:46:06,TRUE,FALSE,0,FALSE,2017-05-27 04:46:06,0
2017-05-27 21:28:53,FALSE,FALSE,0,FALSE,2017-05-27 21:28:53,0
2017-05-28 04:46:06,TRUE,FALSE,0,FALSE,2017-05-28 04:46:06,0
2017-05-28 20:08:53,FALSE,FALSE,0,FALSE,2017-05-28 20:08:53,0
2017-05-29 05:01:06,TRUE,FALSE,0,FALSE,2017-05-29 05:01:06,0
2017-05-29 16:18:53,FALSE,FALSE,0,FALSE,2017-05-29 16:18:53,0
2017-05-30 05:30:57,TRUE,FALSE,0,FALSE,2017-05-30 05:30:57,0
2017-05-30 18:58:53,FALSE,FALSE,0,FALSE,2017-05-30 18:58:53,0
2017-05-31 03:31:00,TRUE,FALSE,0,FALSE,2017-05-31 03:31:00,0
2017-05-31 15:58:53,FALSE,FALSE,0,FALSE,2017-05-31 15:58:53,0
2017-06-01 07:46:06,TRUE,FALSE,0,FALSE,2017-06-01 07:46:06,0
2017-06-01 15:43:53,FALSE,FALSE,0,FALSE,2017-06-01 15:43:53,0
2017-06-02 04:46:02,TRUE,FALSE,0,FALSE,2017-06-02 04:46:02,0
2017-06-02 16:28:53,FALSE,FALSE,0,FALSE,2017-06-02 16:28:53,0
2017-06-03 08:51:06,TRUE,FALSE,0,FALSE,2017-06-03 08:51:06,0
2017-06-03 14:38:53,FALSE,FALSE,0,FALSE,2017-06-03 14:38:53,0
2017-06-04 08:11:06,TRUE,FALSE,0,FALSE,2017-06-04 08:11:06,0
2017-06-04 15:43:53,FALSE,FALSE,0,FALSE,2017-06-04 15:43:53,0
2017-06-05 11:31:06,TRUE,FALSE,0,FALSE,2017-06-05 11:31:06,0
2017-06-05 17:53:53,FALSE,FALSE,0,FALSE,2017-06-05 17:53:53,0
2017-06-06 06:21:06,TRUE,FALSE,0,FALSE,2017-06-06 06:21:06,0
2017-06-06 16:48:53,FALSE,FALSE,0,FALSE,2017-06-06 16:48:53,0
2017-06-07 06:46:02,TRUE,FALSE,0,FALSE,2017-06-07 06:46:02,0
2017-06-07 16:33:53,FALSE,FALSE,0,FALSE,2017-06-07 16:33:53,0
2017-06-08 05:11:02,TRUE,FALSE,0,FALSE,2017-06-08 05:11:02,0
2017-06-08 15:48:53,FALSE,FALSE,0,FALSE,2017-06-08 15:48:53,0
2017-06-09 06:21:06,TRUE,FALSE,0,FALSE,2017-06-09 06:21:06,0
